id,kode_provinsi,nama_provinsi,kode_kabupaten_kota,nama_kabupaten_kota,jumlah_usaha,satuan,tahun,jenis_jasa
1,32,JAWA BARAT,3201,KABUPATEN BOGOR,0,UNIT,2014,jasa informasi
1,32,JAWA BARAT,3201,KABUPATEN BOGOR,0,UNIT,2014,jasa konsultan pariwisata
27,32,JAWA BARAT,3201,KABUPATEN BOGOR,0,UNIT,2015,jasa informasi
27,32,JAWA BARAT,3201,KABUPATEN BOGOR,0,UNIT,2015,jasa konsultan pariwisata
54,32,JAWA BARAT,3201,KABUPATEN BOGOR,0,UNIT,2016,jasa informasi
54,32,JAWA BARAT,3201,KABUPATEN BOGOR,0,UNIT,2016,jasa konsultan pariwisata
81,32,JAWA BARAT,3201,KABUPATEN BOGOR,1,UNIT,2017,jasa informasi
81,32,JAWA BARAT,3201,KABUPATEN BOGOR,90,UNIT,2017,jasa konsultan pariwisata
108,32,JAWA BARAT,3201,KABUPATEN BOGOR,0,UNIT,2018,jasa informasi
108,32,JAWA BARAT,3201,KABUPATEN BOGOR,0,UNIT,2018,jasa konsultan pariwisata
135,32,JAWA BARAT,3201,KABUPATEN BOGOR,0,UNIT,2019,jasa informasi
135,32,JAWA BARAT,3201,KABUPATEN BOGOR,0,UNIT,2019,jasa konsultan pariwisata
165,32,JAWA BARAT,3201,KABUPATEN BOGOR,0,UNIT,2020,jasa informasi
162,32,JAWA BARAT,3201,KABUPATEN BOGOR,0,UNIT,2020,jasa konsultan pariwisata
189,32,JAWA BARAT,3201,KABUPATEN BOGOR,0,UNIT,2021,jasa informasi
2,32,JAWA BARAT,3202,KABUPATEN SUKABUMI,0,UNIT,2014,jasa informasi
2,32,JAWA BARAT,3202,KABUPATEN SUKABUMI,0,UNIT,2014,jasa konsultan pariwisata
28,32,JAWA BARAT,3202,KABUPATEN SUKABUMI,0,UNIT,2015,jasa informasi
28,32,JAWA BARAT,3202,KABUPATEN SUKABUMI,0,UNIT,2015,jasa konsultan pariwisata
55,32,JAWA BARAT,3202,KABUPATEN SUKABUMI,0,UNIT,2016,jasa informasi
55,32,JAWA BARAT,3202,KABUPATEN SUKABUMI,0,UNIT,2016,jasa konsultan pariwisata
82,32,JAWA BARAT,3202,KABUPATEN SUKABUMI,0,UNIT,2017,jasa informasi
82,32,JAWA BARAT,3202,KABUPATEN SUKABUMI,0,UNIT,2017,jasa konsultan pariwisata
109,32,JAWA BARAT,3202,KABUPATEN SUKABUMI,0,UNIT,2018,jasa informasi
109,32,JAWA BARAT,3202,KABUPATEN SUKABUMI,0,UNIT,2018,jasa konsultan pariwisata
136,32,JAWA BARAT,3202,KABUPATEN SUKABUMI,0,UNIT,2019,jasa informasi
136,32,JAWA BARAT,3202,KABUPATEN SUKABUMI,0,UNIT,2019,jasa konsultan pariwisata
177,32,JAWA BARAT,3202,KABUPATEN SUKABUMI,0,UNIT,2020,jasa informasi
163,32,JAWA BARAT,3202,KABUPATEN SUKABUMI,0,UNIT,2020,jasa konsultan pariwisata
190,32,JAWA BARAT,3202,KABUPATEN SUKABUMI,0,UNIT,2021,jasa informasi
3,32,JAWA BARAT,3203,KABUPATEN CIANJUR,0,UNIT,2014,jasa informasi
3,32,JAWA BARAT,3203,KABUPATEN CIANJUR,0,UNIT,2014,jasa konsultan pariwisata
29,32,JAWA BARAT,3203,KABUPATEN CIANJUR,0,UNIT,2015,jasa informasi
29,32,JAWA BARAT,3203,KABUPATEN CIANJUR,0,UNIT,2015,jasa konsultan pariwisata
56,32,JAWA BARAT,3203,KABUPATEN CIANJUR,1,UNIT,2016,jasa informasi
56,32,JAWA BARAT,3203,KABUPATEN CIANJUR,1,UNIT,2016,jasa konsultan pariwisata
83,32,JAWA BARAT,3203,KABUPATEN CIANJUR,1,UNIT,2017,jasa informasi
83,32,JAWA BARAT,3203,KABUPATEN CIANJUR,1,UNIT,2017,jasa konsultan pariwisata
110,32,JAWA BARAT,3203,KABUPATEN CIANJUR,0,UNIT,2018,jasa informasi
110,32,JAWA BARAT,3203,KABUPATEN CIANJUR,0,UNIT,2018,jasa konsultan pariwisata
137,32,JAWA BARAT,3203,KABUPATEN CIANJUR,0,UNIT,2019,jasa informasi
137,32,JAWA BARAT,3203,KABUPATEN CIANJUR,0,UNIT,2019,jasa konsultan pariwisata
167,32,JAWA BARAT,3203,KABUPATEN CIANJUR,0,UNIT,2020,jasa informasi
164,32,JAWA BARAT,3203,KABUPATEN CIANJUR,0,UNIT,2020,jasa konsultan pariwisata
191,32,JAWA BARAT,3203,KABUPATEN CIANJUR,0,UNIT,2021,jasa informasi
4,32,JAWA BARAT,3204,KABUPATEN BANDUNG,0,UNIT,2014,jasa informasi
4,32,JAWA BARAT,3204,KABUPATEN BANDUNG,0,UNIT,2014,jasa konsultan pariwisata
30,32,JAWA BARAT,3204,KABUPATEN BANDUNG,0,UNIT,2015,jasa informasi
30,32,JAWA BARAT,3204,KABUPATEN BANDUNG,0,UNIT,2015,jasa konsultan pariwisata
57,32,JAWA BARAT,3204,KABUPATEN BANDUNG,0,UNIT,2016,jasa informasi
57,32,JAWA BARAT,3204,KABUPATEN BANDUNG,0,UNIT,2016,jasa konsultan pariwisata
84,32,JAWA BARAT,3204,KABUPATEN BANDUNG,0,UNIT,2017,jasa informasi
84,32,JAWA BARAT,3204,KABUPATEN BANDUNG,0,UNIT,2017,jasa konsultan pariwisata
111,32,JAWA BARAT,3204,KABUPATEN BANDUNG,0,UNIT,2018,jasa informasi
111,32,JAWA BARAT,3204,KABUPATEN BANDUNG,0,UNIT,2018,jasa konsultan pariwisata
138,32,JAWA BARAT,3204,KABUPATEN BANDUNG,0,UNIT,2019,jasa informasi
138,32,JAWA BARAT,3204,KABUPATEN BANDUNG,0,UNIT,2019,jasa konsultan pariwisata
162,32,JAWA BARAT,3204,KABUPATEN BANDUNG,0,UNIT,2020,jasa informasi
165,32,JAWA BARAT,3204,KABUPATEN BANDUNG,0,UNIT,2020,jasa konsultan pariwisata
192,32,JAWA BARAT,3204,KABUPATEN BANDUNG,0,UNIT,2021,jasa informasi
5,32,JAWA BARAT,3205,KABUPATEN GARUT,0,UNIT,2014,jasa informasi
5,32,JAWA BARAT,3205,KABUPATEN GARUT,0,UNIT,2014,jasa konsultan pariwisata
31,32,JAWA BARAT,3205,KABUPATEN GARUT,0,UNIT,2015,jasa informasi
31,32,JAWA BARAT,3205,KABUPATEN GARUT,0,UNIT,2015,jasa konsultan pariwisata
58,32,JAWA BARAT,3205,KABUPATEN GARUT,0,UNIT,2016,jasa informasi
58,32,JAWA BARAT,3205,KABUPATEN GARUT,0,UNIT,2016,jasa konsultan pariwisata
85,32,JAWA BARAT,3205,KABUPATEN GARUT,0,UNIT,2017,jasa informasi
85,32,JAWA BARAT,3205,KABUPATEN GARUT,0,UNIT,2017,jasa konsultan pariwisata
112,32,JAWA BARAT,3205,KABUPATEN GARUT,0,UNIT,2018,jasa informasi
112,32,JAWA BARAT,3205,KABUPATEN GARUT,0,UNIT,2018,jasa konsultan pariwisata
139,32,JAWA BARAT,3205,KABUPATEN GARUT,0,UNIT,2019,jasa informasi
139,32,JAWA BARAT,3205,KABUPATEN GARUT,3,UNIT,2019,jasa konsultan pariwisata
169,32,JAWA BARAT,3205,KABUPATEN GARUT,0,UNIT,2020,jasa informasi
166,32,JAWA BARAT,3205,KABUPATEN GARUT,3,UNIT,2020,jasa konsultan pariwisata
193,32,JAWA BARAT,3205,KABUPATEN GARUT,0,UNIT,2021,jasa informasi
6,32,JAWA BARAT,3206,KABUPATEN TASIKMALAYA,0,UNIT,2014,jasa informasi
6,32,JAWA BARAT,3206,KABUPATEN TASIKMALAYA,0,UNIT,2014,jasa konsultan pariwisata
32,32,JAWA BARAT,3206,KABUPATEN TASIKMALAYA,0,UNIT,2015,jasa informasi
32,32,JAWA BARAT,3206,KABUPATEN TASIKMALAYA,0,UNIT,2015,jasa konsultan pariwisata
59,32,JAWA BARAT,3206,KABUPATEN TASIKMALAYA,0,UNIT,2016,jasa informasi
59,32,JAWA BARAT,3206,KABUPATEN TASIKMALAYA,0,UNIT,2016,jasa konsultan pariwisata
86,32,JAWA BARAT,3206,KABUPATEN TASIKMALAYA,0,UNIT,2017,jasa informasi
86,32,JAWA BARAT,3206,KABUPATEN TASIKMALAYA,0,UNIT,2017,jasa konsultan pariwisata
113,32,JAWA BARAT,3206,KABUPATEN TASIKMALAYA,0,UNIT,2018,jasa informasi
113,32,JAWA BARAT,3206,KABUPATEN TASIKMALAYA,0,UNIT,2018,jasa konsultan pariwisata
140,32,JAWA BARAT,3206,KABUPATEN TASIKMALAYA,0,UNIT,2019,jasa informasi
140,32,JAWA BARAT,3206,KABUPATEN TASIKMALAYA,0,UNIT,2019,jasa konsultan pariwisata
179,32,JAWA BARAT,3206,KABUPATEN TASIKMALAYA,0,UNIT,2020,jasa informasi
167,32,JAWA BARAT,3206,KABUPATEN TASIKMALAYA,0,UNIT,2020,jasa konsultan pariwisata
194,32,JAWA BARAT,3206,KABUPATEN TASIKMALAYA,0,UNIT,2021,jasa informasi
7,32,JAWA BARAT,3207,KABUPATEN CIAMIS,0,UNIT,2014,jasa informasi
7,32,JAWA BARAT,3207,KABUPATEN CIAMIS,0,UNIT,2014,jasa konsultan pariwisata
33,32,JAWA BARAT,3207,KABUPATEN CIAMIS,0,UNIT,2015,jasa informasi
33,32,JAWA BARAT,3207,KABUPATEN CIAMIS,0,UNIT,2015,jasa konsultan pariwisata
60,32,JAWA BARAT,3207,KABUPATEN CIAMIS,0,UNIT,2016,jasa informasi
60,32,JAWA BARAT,3207,KABUPATEN CIAMIS,0,UNIT,2016,jasa konsultan pariwisata
87,32,JAWA BARAT,3207,KABUPATEN CIAMIS,0,UNIT,2017,jasa informasi
87,32,JAWA BARAT,3207,KABUPATEN CIAMIS,0,UNIT,2017,jasa konsultan pariwisata
114,32,JAWA BARAT,3207,KABUPATEN CIAMIS,0,UNIT,2018,jasa informasi
114,32,JAWA BARAT,3207,KABUPATEN CIAMIS,0,UNIT,2018,jasa konsultan pariwisata
141,32,JAWA BARAT,3207,KABUPATEN CIAMIS,0,UNIT,2019,jasa informasi
141,32,JAWA BARAT,3207,KABUPATEN CIAMIS,0,UNIT,2019,jasa konsultan pariwisata
166,32,JAWA BARAT,3207,KABUPATEN CIAMIS,0,UNIT,2020,jasa informasi
168,32,JAWA BARAT,3207,KABUPATEN CIAMIS,0,UNIT,2020,jasa konsultan pariwisata
195,32,JAWA BARAT,3207,KABUPATEN CIAMIS,0,UNIT,2021,jasa informasi
8,32,JAWA BARAT,3208,KABUPATEN KUNINGAN,0,UNIT,2014,jasa informasi
8,32,JAWA BARAT,3208,KABUPATEN KUNINGAN,0,UNIT,2014,jasa konsultan pariwisata
34,32,JAWA BARAT,3208,KABUPATEN KUNINGAN,0,UNIT,2015,jasa informasi
34,32,JAWA BARAT,3208,KABUPATEN KUNINGAN,0,UNIT,2015,jasa konsultan pariwisata
61,32,JAWA BARAT,3208,KABUPATEN KUNINGAN,0,UNIT,2016,jasa informasi
61,32,JAWA BARAT,3208,KABUPATEN KUNINGAN,0,UNIT,2016,jasa konsultan pariwisata
88,32,JAWA BARAT,3208,KABUPATEN KUNINGAN,0,UNIT,2017,jasa informasi
88,32,JAWA BARAT,3208,KABUPATEN KUNINGAN,0,UNIT,2017,jasa konsultan pariwisata
115,32,JAWA BARAT,3208,KABUPATEN KUNINGAN,11,UNIT,2018,jasa informasi
115,32,JAWA BARAT,3208,KABUPATEN KUNINGAN,0,UNIT,2018,jasa konsultan pariwisata
142,32,JAWA BARAT,3208,KABUPATEN KUNINGAN,0,UNIT,2019,jasa informasi
142,32,JAWA BARAT,3208,KABUPATEN KUNINGAN,0,UNIT,2019,jasa konsultan pariwisata
172,32,JAWA BARAT,3208,KABUPATEN KUNINGAN,0,UNIT,2020,jasa informasi
169,32,JAWA BARAT,3208,KABUPATEN KUNINGAN,0,UNIT,2020,jasa konsultan pariwisata
196,32,JAWA BARAT,3208,KABUPATEN KUNINGAN,0,UNIT,2021,jasa informasi
9,32,JAWA BARAT,3209,KABUPATEN CIREBON,0,UNIT,2014,jasa informasi
9,32,JAWA BARAT,3209,KABUPATEN CIREBON,0,UNIT,2014,jasa konsultan pariwisata
35,32,JAWA BARAT,3209,KABUPATEN CIREBON,0,UNIT,2015,jasa informasi
35,32,JAWA BARAT,3209,KABUPATEN CIREBON,0,UNIT,2015,jasa konsultan pariwisata
62,32,JAWA BARAT,3209,KABUPATEN CIREBON,0,UNIT,2016,jasa informasi
62,32,JAWA BARAT,3209,KABUPATEN CIREBON,0,UNIT,2016,jasa konsultan pariwisata
89,32,JAWA BARAT,3209,KABUPATEN CIREBON,0,UNIT,2017,jasa informasi
89,32,JAWA BARAT,3209,KABUPATEN CIREBON,0,UNIT,2017,jasa konsultan pariwisata
116,32,JAWA BARAT,3209,KABUPATEN CIREBON,0,UNIT,2018,jasa informasi
116,32,JAWA BARAT,3209,KABUPATEN CIREBON,0,UNIT,2018,jasa konsultan pariwisata
143,32,JAWA BARAT,3209,KABUPATEN CIREBON,0,UNIT,2019,jasa informasi
143,32,JAWA BARAT,3209,KABUPATEN CIREBON,0,UNIT,2019,jasa konsultan pariwisata
168,32,JAWA BARAT,3209,KABUPATEN CIREBON,0,UNIT,2020,jasa informasi
170,32,JAWA BARAT,3209,KABUPATEN CIREBON,0,UNIT,2020,jasa konsultan pariwisata
197,32,JAWA BARAT,3209,KABUPATEN CIREBON,0,UNIT,2021,jasa informasi
10,32,JAWA BARAT,3210,KABUPATEN MAJALENGKA,0,UNIT,2014,jasa informasi
10,32,JAWA BARAT,3210,KABUPATEN MAJALENGKA,0,UNIT,2014,jasa konsultan pariwisata
36,32,JAWA BARAT,3210,KABUPATEN MAJALENGKA,0,UNIT,2015,jasa informasi
36,32,JAWA BARAT,3210,KABUPATEN MAJALENGKA,0,UNIT,2015,jasa konsultan pariwisata
63,32,JAWA BARAT,3210,KABUPATEN MAJALENGKA,0,UNIT,2016,jasa informasi
63,32,JAWA BARAT,3210,KABUPATEN MAJALENGKA,0,UNIT,2016,jasa konsultan pariwisata
90,32,JAWA BARAT,3210,KABUPATEN MAJALENGKA,0,UNIT,2017,jasa informasi
90,32,JAWA BARAT,3210,KABUPATEN MAJALENGKA,0,UNIT,2017,jasa konsultan pariwisata
117,32,JAWA BARAT,3210,KABUPATEN MAJALENGKA,0,UNIT,2018,jasa informasi
117,32,JAWA BARAT,3210,KABUPATEN MAJALENGKA,0,UNIT,2018,jasa konsultan pariwisata
144,32,JAWA BARAT,3210,KABUPATEN MAJALENGKA,0,UNIT,2019,jasa informasi
144,32,JAWA BARAT,3210,KABUPATEN MAJALENGKA,0,UNIT,2019,jasa konsultan pariwisata
173,32,JAWA BARAT,3210,KABUPATEN MAJALENGKA,0,UNIT,2020,jasa informasi
171,32,JAWA BARAT,3210,KABUPATEN MAJALENGKA,0,UNIT,2020,jasa konsultan pariwisata
198,32,JAWA BARAT,3210,KABUPATEN MAJALENGKA,0,UNIT,2021,jasa informasi
11,32,JAWA BARAT,3211,KABUPATEN SUMEDANG,0,UNIT,2014,jasa informasi
11,32,JAWA BARAT,3211,KABUPATEN SUMEDANG,0,UNIT,2014,jasa konsultan pariwisata
37,32,JAWA BARAT,3211,KABUPATEN SUMEDANG,0,UNIT,2015,jasa informasi
37,32,JAWA BARAT,3211,KABUPATEN SUMEDANG,0,UNIT,2015,jasa konsultan pariwisata
64,32,JAWA BARAT,3211,KABUPATEN SUMEDANG,0,UNIT,2016,jasa informasi
64,32,JAWA BARAT,3211,KABUPATEN SUMEDANG,0,UNIT,2016,jasa konsultan pariwisata
91,32,JAWA BARAT,3211,KABUPATEN SUMEDANG,0,UNIT,2017,jasa informasi
91,32,JAWA BARAT,3211,KABUPATEN SUMEDANG,0,UNIT,2017,jasa konsultan pariwisata
118,32,JAWA BARAT,3211,KABUPATEN SUMEDANG,0,UNIT,2018,jasa informasi
118,32,JAWA BARAT,3211,KABUPATEN SUMEDANG,0,UNIT,2018,jasa konsultan pariwisata
145,32,JAWA BARAT,3211,KABUPATEN SUMEDANG,0,UNIT,2019,jasa informasi
145,32,JAWA BARAT,3211,KABUPATEN SUMEDANG,0,UNIT,2019,jasa konsultan pariwisata
178,32,JAWA BARAT,3211,KABUPATEN SUMEDANG,0,UNIT,2020,jasa informasi
172,32,JAWA BARAT,3211,KABUPATEN SUMEDANG,0,UNIT,2020,jasa konsultan pariwisata
199,32,JAWA BARAT,3211,KABUPATEN SUMEDANG,0,UNIT,2021,jasa informasi
12,32,JAWA BARAT,3212,KABUPATEN INDRAMAYU,0,UNIT,2014,jasa informasi
12,32,JAWA BARAT,3212,KABUPATEN INDRAMAYU,0,UNIT,2014,jasa konsultan pariwisata
38,32,JAWA BARAT,3212,KABUPATEN INDRAMAYU,0,UNIT,2015,jasa informasi
38,32,JAWA BARAT,3212,KABUPATEN INDRAMAYU,0,UNIT,2015,jasa konsultan pariwisata
65,32,JAWA BARAT,3212,KABUPATEN INDRAMAYU,0,UNIT,2016,jasa informasi
65,32,JAWA BARAT,3212,KABUPATEN INDRAMAYU,0,UNIT,2016,jasa konsultan pariwisata
92,32,JAWA BARAT,3212,KABUPATEN INDRAMAYU,0,UNIT,2017,jasa informasi
92,32,JAWA BARAT,3212,KABUPATEN INDRAMAYU,0,UNIT,2017,jasa konsultan pariwisata
119,32,JAWA BARAT,3212,KABUPATEN INDRAMAYU,0,UNIT,2018,jasa informasi
119,32,JAWA BARAT,3212,KABUPATEN INDRAMAYU,0,UNIT,2018,jasa konsultan pariwisata
146,32,JAWA BARAT,3212,KABUPATEN INDRAMAYU,0,UNIT,2019,jasa informasi
146,32,JAWA BARAT,3212,KABUPATEN INDRAMAYU,0,UNIT,2019,jasa konsultan pariwisata
170,32,JAWA BARAT,3212,KABUPATEN INDRAMAYU,0,UNIT,2020,jasa informasi
173,32,JAWA BARAT,3212,KABUPATEN INDRAMAYU,0,UNIT,2020,jasa konsultan pariwisata
200,32,JAWA BARAT,3212,KABUPATEN INDRAMAYU,0,UNIT,2021,jasa informasi
13,32,JAWA BARAT,3213,KABUPATEN SUBANG,0,UNIT,2014,jasa informasi
13,32,JAWA BARAT,3213,KABUPATEN SUBANG,0,UNIT,2014,jasa konsultan pariwisata
39,32,JAWA BARAT,3213,KABUPATEN SUBANG,0,UNIT,2015,jasa informasi
39,32,JAWA BARAT,3213,KABUPATEN SUBANG,0,UNIT,2015,jasa konsultan pariwisata
66,32,JAWA BARAT,3213,KABUPATEN SUBANG,0,UNIT,2016,jasa informasi
66,32,JAWA BARAT,3213,KABUPATEN SUBANG,0,UNIT,2016,jasa konsultan pariwisata
93,32,JAWA BARAT,3213,KABUPATEN SUBANG,0,UNIT,2017,jasa informasi
93,32,JAWA BARAT,3213,KABUPATEN SUBANG,0,UNIT,2017,jasa konsultan pariwisata
120,32,JAWA BARAT,3213,KABUPATEN SUBANG,0,UNIT,2018,jasa informasi
120,32,JAWA BARAT,3213,KABUPATEN SUBANG,0,UNIT,2018,jasa konsultan pariwisata
147,32,JAWA BARAT,3213,KABUPATEN SUBANG,0,UNIT,2019,jasa informasi
147,32,JAWA BARAT,3213,KABUPATEN SUBANG,0,UNIT,2019,jasa konsultan pariwisata
176,32,JAWA BARAT,3213,KABUPATEN SUBANG,0,UNIT,2020,jasa informasi
174,32,JAWA BARAT,3213,KABUPATEN SUBANG,0,UNIT,2020,jasa konsultan pariwisata
201,32,JAWA BARAT,3213,KABUPATEN SUBANG,0,UNIT,2021,jasa informasi
14,32,JAWA BARAT,3214,KABUPATEN PURWAKARTA,0,UNIT,2014,jasa informasi
14,32,JAWA BARAT,3214,KABUPATEN PURWAKARTA,1,UNIT,2014,jasa konsultan pariwisata
40,32,JAWA BARAT,3214,KABUPATEN PURWAKARTA,0,UNIT,2015,jasa informasi
40,32,JAWA BARAT,3214,KABUPATEN PURWAKARTA,1,UNIT,2015,jasa konsultan pariwisata
67,32,JAWA BARAT,3214,KABUPATEN PURWAKARTA,0,UNIT,2016,jasa informasi
67,32,JAWA BARAT,3214,KABUPATEN PURWAKARTA,1,UNIT,2016,jasa konsultan pariwisata
94,32,JAWA BARAT,3214,KABUPATEN PURWAKARTA,0,UNIT,2017,jasa informasi
94,32,JAWA BARAT,3214,KABUPATEN PURWAKARTA,1,UNIT,2017,jasa konsultan pariwisata
121,32,JAWA BARAT,3214,KABUPATEN PURWAKARTA,1,UNIT,2018,jasa informasi
121,32,JAWA BARAT,3214,KABUPATEN PURWAKARTA,1,UNIT,2018,jasa konsultan pariwisata
148,32,JAWA BARAT,3214,KABUPATEN PURWAKARTA,0,UNIT,2019,jasa informasi
148,32,JAWA BARAT,3214,KABUPATEN PURWAKARTA,1,UNIT,2019,jasa konsultan pariwisata
175,32,JAWA BARAT,3214,KABUPATEN PURWAKARTA,0,UNIT,2020,jasa informasi
175,32,JAWA BARAT,3214,KABUPATEN PURWAKARTA,1,UNIT,2020,jasa konsultan pariwisata
202,32,JAWA BARAT,3214,KABUPATEN PURWAKARTA,0,UNIT,2021,jasa informasi
15,32,JAWA BARAT,3215,KABUPATEN KARAWANG,0,UNIT,2014,jasa informasi
15,32,JAWA BARAT,3215,KABUPATEN KARAWANG,0,UNIT,2014,jasa konsultan pariwisata
41,32,JAWA BARAT,3215,KABUPATEN KARAWANG,0,UNIT,2015,jasa informasi
41,32,JAWA BARAT,3215,KABUPATEN KARAWANG,0,UNIT,2015,jasa konsultan pariwisata
68,32,JAWA BARAT,3215,KABUPATEN KARAWANG,0,UNIT,2016,jasa informasi
68,32,JAWA BARAT,3215,KABUPATEN KARAWANG,0,UNIT,2016,jasa konsultan pariwisata
95,32,JAWA BARAT,3215,KABUPATEN KARAWANG,0,UNIT,2017,jasa informasi
95,32,JAWA BARAT,3215,KABUPATEN KARAWANG,0,UNIT,2017,jasa konsultan pariwisata
122,32,JAWA BARAT,3215,KABUPATEN KARAWANG,0,UNIT,2018,jasa informasi
122,32,JAWA BARAT,3215,KABUPATEN KARAWANG,0,UNIT,2018,jasa konsultan pariwisata
149,32,JAWA BARAT,3215,KABUPATEN KARAWANG,3,UNIT,2019,jasa informasi
149,32,JAWA BARAT,3215,KABUPATEN KARAWANG,0,UNIT,2019,jasa konsultan pariwisata
171,32,JAWA BARAT,3215,KABUPATEN KARAWANG,3,UNIT,2020,jasa informasi
176,32,JAWA BARAT,3215,KABUPATEN KARAWANG,0,UNIT,2020,jasa konsultan pariwisata
203,32,JAWA BARAT,3215,KABUPATEN KARAWANG,3,UNIT,2021,jasa informasi
16,32,JAWA BARAT,3216,KABUPATEN BEKASI,0,UNIT,2014,jasa informasi
16,32,JAWA BARAT,3216,KABUPATEN BEKASI,0,UNIT,2014,jasa konsultan pariwisata
42,32,JAWA BARAT,3216,KABUPATEN BEKASI,0,UNIT,2015,jasa informasi
42,32,JAWA BARAT,3216,KABUPATEN BEKASI,0,UNIT,2015,jasa konsultan pariwisata
69,32,JAWA BARAT,3216,KABUPATEN BEKASI,0,UNIT,2016,jasa informasi
69,32,JAWA BARAT,3216,KABUPATEN BEKASI,0,UNIT,2016,jasa konsultan pariwisata
96,32,JAWA BARAT,3216,KABUPATEN BEKASI,0,UNIT,2017,jasa informasi
96,32,JAWA BARAT,3216,KABUPATEN BEKASI,0,UNIT,2017,jasa konsultan pariwisata
123,32,JAWA BARAT,3216,KABUPATEN BEKASI,0,UNIT,2018,jasa informasi
123,32,JAWA BARAT,3216,KABUPATEN BEKASI,0,UNIT,2018,jasa konsultan pariwisata
150,32,JAWA BARAT,3216,KABUPATEN BEKASI,0,UNIT,2019,jasa informasi
150,32,JAWA BARAT,3216,KABUPATEN BEKASI,0,UNIT,2019,jasa konsultan pariwisata
164,32,JAWA BARAT,3216,KABUPATEN BEKASI,0,UNIT,2020,jasa informasi
177,32,JAWA BARAT,3216,KABUPATEN BEKASI,0,UNIT,2020,jasa konsultan pariwisata
204,32,JAWA BARAT,3216,KABUPATEN BEKASI,0,UNIT,2021,jasa informasi
17,32,JAWA BARAT,3217,KABUPATEN BANDUNG BARAT,0,UNIT,2014,jasa informasi
17,32,JAWA BARAT,3217,KABUPATEN BANDUNG BARAT,0,UNIT,2014,jasa konsultan pariwisata
43,32,JAWA BARAT,3217,KABUPATEN BANDUNG BARAT,0,UNIT,2015,jasa informasi
43,32,JAWA BARAT,3217,KABUPATEN BANDUNG BARAT,0,UNIT,2015,jasa konsultan pariwisata
70,32,JAWA BARAT,3217,KABUPATEN BANDUNG BARAT,0,UNIT,2016,jasa informasi
70,32,JAWA BARAT,3217,KABUPATEN BANDUNG BARAT,0,UNIT,2016,jasa konsultan pariwisata
97,32,JAWA BARAT,3217,KABUPATEN BANDUNG BARAT,0,UNIT,2017,jasa informasi
97,32,JAWA BARAT,3217,KABUPATEN BANDUNG BARAT,0,UNIT,2017,jasa konsultan pariwisata
124,32,JAWA BARAT,3217,KABUPATEN BANDUNG BARAT,0,UNIT,2018,jasa informasi
124,32,JAWA BARAT,3217,KABUPATEN BANDUNG BARAT,0,UNIT,2018,jasa konsultan pariwisata
151,32,JAWA BARAT,3217,KABUPATEN BANDUNG BARAT,0,UNIT,2019,jasa informasi
151,32,JAWA BARAT,3217,KABUPATEN BANDUNG BARAT,0,UNIT,2019,jasa konsultan pariwisata
163,32,JAWA BARAT,3217,KABUPATEN BANDUNG BARAT,0,UNIT,2020,jasa informasi
178,32,JAWA BARAT,3217,KABUPATEN BANDUNG BARAT,0,UNIT,2020,jasa konsultan pariwisata
205,32,JAWA BARAT,3217,KABUPATEN BANDUNG BARAT,0,UNIT,2021,jasa informasi
44,32,JAWA BARAT,3218,KABUPATEN PANGANDARAN,0,UNIT,2015,jasa informasi
44,32,JAWA BARAT,3218,KABUPATEN PANGANDARAN,0,UNIT,2015,jasa konsultan pariwisata
71,32,JAWA BARAT,3218,KABUPATEN PANGANDARAN,0,UNIT,2016,jasa informasi
71,32,JAWA BARAT,3218,KABUPATEN PANGANDARAN,0,UNIT,2016,jasa konsultan pariwisata
98,32,JAWA BARAT,3218,KABUPATEN PANGANDARAN,7,UNIT,2017,jasa informasi
98,32,JAWA BARAT,3218,KABUPATEN PANGANDARAN,0,UNIT,2017,jasa konsultan pariwisata
125,32,JAWA BARAT,3218,KABUPATEN PANGANDARAN,7,UNIT,2018,jasa informasi
125,32,JAWA BARAT,3218,KABUPATEN PANGANDARAN,0,UNIT,2018,jasa konsultan pariwisata
152,32,JAWA BARAT,3218,KABUPATEN PANGANDARAN,3,UNIT,2019,jasa informasi
152,32,JAWA BARAT,3218,KABUPATEN PANGANDARAN,1,UNIT,2019,jasa konsultan pariwisata
174,32,JAWA BARAT,3218,KABUPATEN PANGANDARAN,3,UNIT,2020,jasa informasi
179,32,JAWA BARAT,3218,KABUPATEN PANGANDARAN,1,UNIT,2020,jasa konsultan pariwisata
206,32,JAWA BARAT,3218,KABUPATEN PANGANDARAN,0,UNIT,2021,jasa informasi
18,32,JAWA BARAT,3271,KOTA BOGOR,0,UNIT,2014,jasa informasi
18,32,JAWA BARAT,3271,KOTA BOGOR,0,UNIT,2014,jasa konsultan pariwisata
45,32,JAWA BARAT,3271,KOTA BOGOR,0,UNIT,2015,jasa informasi
45,32,JAWA BARAT,3271,KOTA BOGOR,0,UNIT,2015,jasa konsultan pariwisata
72,32,JAWA BARAT,3271,KOTA BOGOR,0,UNIT,2016,jasa informasi
72,32,JAWA BARAT,3271,KOTA BOGOR,0,UNIT,2016,jasa konsultan pariwisata
99,32,JAWA BARAT,3271,KOTA BOGOR,0,UNIT,2017,jasa informasi
99,32,JAWA BARAT,3271,KOTA BOGOR,0,UNIT,2017,jasa konsultan pariwisata
126,32,JAWA BARAT,3271,KOTA BOGOR,0,UNIT,2018,jasa informasi
126,32,JAWA BARAT,3271,KOTA BOGOR,0,UNIT,2018,jasa konsultan pariwisata
153,32,JAWA BARAT,3271,KOTA BOGOR,0,UNIT,2019,jasa informasi
153,32,JAWA BARAT,3271,KOTA BOGOR,0,UNIT,2019,jasa konsultan pariwisata
183,32,JAWA BARAT,3271,KOTA BOGOR,0,UNIT,2020,jasa informasi
180,32,JAWA BARAT,3271,KOTA BOGOR,0,UNIT,2020,jasa konsultan pariwisata
207,32,JAWA BARAT,3271,KOTA BOGOR,0,UNIT,2021,jasa informasi
19,32,JAWA BARAT,3272,KOTA SUKABUMI,0,UNIT,2014,jasa informasi
19,32,JAWA BARAT,3272,KOTA SUKABUMI,0,UNIT,2014,jasa konsultan pariwisata
46,32,JAWA BARAT,3272,KOTA SUKABUMI,0,UNIT,2015,jasa informasi
46,32,JAWA BARAT,3272,KOTA SUKABUMI,0,UNIT,2015,jasa konsultan pariwisata
73,32,JAWA BARAT,3272,KOTA SUKABUMI,0,UNIT,2016,jasa informasi
73,32,JAWA BARAT,3272,KOTA SUKABUMI,0,UNIT,2016,jasa konsultan pariwisata
100,32,JAWA BARAT,3272,KOTA SUKABUMI,0,UNIT,2017,jasa informasi
100,32,JAWA BARAT,3272,KOTA SUKABUMI,0,UNIT,2017,jasa konsultan pariwisata
127,32,JAWA BARAT,3272,KOTA SUKABUMI,0,UNIT,2018,jasa informasi
127,32,JAWA BARAT,3272,KOTA SUKABUMI,0,UNIT,2018,jasa konsultan pariwisata
154,32,JAWA BARAT,3272,KOTA SUKABUMI,0,UNIT,2019,jasa informasi
154,32,JAWA BARAT,3272,KOTA SUKABUMI,0,UNIT,2019,jasa konsultan pariwisata
187,32,JAWA BARAT,3272,KOTA SUKABUMI,0,UNIT,2020,jasa informasi
181,32,JAWA BARAT,3272,KOTA SUKABUMI,0,UNIT,2020,jasa konsultan pariwisata
208,32,JAWA BARAT,3272,KOTA SUKABUMI,0,UNIT,2021,jasa informasi
20,32,JAWA BARAT,3273,KOTA BANDUNG,0,UNIT,2014,jasa informasi
20,32,JAWA BARAT,3273,KOTA BANDUNG,1,UNIT,2014,jasa konsultan pariwisata
47,32,JAWA BARAT,3273,KOTA BANDUNG,0,UNIT,2015,jasa informasi
47,32,JAWA BARAT,3273,KOTA BANDUNG,1,UNIT,2015,jasa konsultan pariwisata
74,32,JAWA BARAT,3273,KOTA BANDUNG,0,UNIT,2016,jasa informasi
74,32,JAWA BARAT,3273,KOTA BANDUNG,1,UNIT,2016,jasa konsultan pariwisata
101,32,JAWA BARAT,3273,KOTA BANDUNG,0,UNIT,2017,jasa informasi
101,32,JAWA BARAT,3273,KOTA BANDUNG,1,UNIT,2017,jasa konsultan pariwisata
128,32,JAWA BARAT,3273,KOTA BANDUNG,0,UNIT,2018,jasa informasi
128,32,JAWA BARAT,3273,KOTA BANDUNG,0,UNIT,2018,jasa konsultan pariwisata
155,32,JAWA BARAT,3273,KOTA BANDUNG,0,UNIT,2019,jasa informasi
155,32,JAWA BARAT,3273,KOTA BANDUNG,0,UNIT,2019,jasa konsultan pariwisata
180,32,JAWA BARAT,3273,KOTA BANDUNG,0,UNIT,2020,jasa informasi
182,32,JAWA BARAT,3273,KOTA BANDUNG,1,UNIT,2020,jasa konsultan pariwisata
209,32,JAWA BARAT,3273,KOTA BANDUNG,0,UNIT,2021,jasa informasi
21,32,JAWA BARAT,3274,KOTA CIREBON,0,UNIT,2014,jasa informasi
21,32,JAWA BARAT,3274,KOTA CIREBON,0,UNIT,2014,jasa konsultan pariwisata
48,32,JAWA BARAT,3274,KOTA CIREBON,0,UNIT,2015,jasa informasi
48,32,JAWA BARAT,3274,KOTA CIREBON,0,UNIT,2015,jasa konsultan pariwisata
75,32,JAWA BARAT,3274,KOTA CIREBON,5,UNIT,2016,jasa informasi
75,32,JAWA BARAT,3274,KOTA CIREBON,1,UNIT,2016,jasa konsultan pariwisata
102,32,JAWA BARAT,3274,KOTA CIREBON,5,UNIT,2017,jasa informasi
102,32,JAWA BARAT,3274,KOTA CIREBON,1,UNIT,2017,jasa konsultan pariwisata
129,32,JAWA BARAT,3274,KOTA CIREBON,5,UNIT,2018,jasa informasi
129,32,JAWA BARAT,3274,KOTA CIREBON,1,UNIT,2018,jasa konsultan pariwisata
156,32,JAWA BARAT,3274,KOTA CIREBON,0,UNIT,2019,jasa informasi
156,32,JAWA BARAT,3274,KOTA CIREBON,1,UNIT,2019,jasa konsultan pariwisata
185,32,JAWA BARAT,3274,KOTA CIREBON,0,UNIT,2020,jasa informasi
183,32,JAWA BARAT,3274,KOTA CIREBON,1,UNIT,2020,jasa konsultan pariwisata
210,32,JAWA BARAT,3274,KOTA CIREBON,0,UNIT,2021,jasa informasi
22,32,JAWA BARAT,3275,KOTA BEKASI,0,UNIT,2014,jasa informasi
22,32,JAWA BARAT,3275,KOTA BEKASI,0,UNIT,2014,jasa konsultan pariwisata
49,32,JAWA BARAT,3275,KOTA BEKASI,0,UNIT,2015,jasa informasi
49,32,JAWA BARAT,3275,KOTA BEKASI,0,UNIT,2015,jasa konsultan pariwisata
76,32,JAWA BARAT,3275,KOTA BEKASI,0,UNIT,2016,jasa informasi
76,32,JAWA BARAT,3275,KOTA BEKASI,0,UNIT,2016,jasa konsultan pariwisata
103,32,JAWA BARAT,3275,KOTA BEKASI,0,UNIT,2017,jasa informasi
103,32,JAWA BARAT,3275,KOTA BEKASI,0,UNIT,2017,jasa konsultan pariwisata
130,32,JAWA BARAT,3275,KOTA BEKASI,0,UNIT,2018,jasa informasi
130,32,JAWA BARAT,3275,KOTA BEKASI,0,UNIT,2018,jasa konsultan pariwisata
157,32,JAWA BARAT,3275,KOTA BEKASI,0,UNIT,2019,jasa informasi
157,32,JAWA BARAT,3275,KOTA BEKASI,0,UNIT,2019,jasa konsultan pariwisata
182,32,JAWA BARAT,3275,KOTA BEKASI,0,UNIT,2020,jasa informasi
184,32,JAWA BARAT,3275,KOTA BEKASI,0,UNIT,2020,jasa konsultan pariwisata
211,32,JAWA BARAT,3275,KOTA BEKASI,0,UNIT,2021,jasa informasi
23,32,JAWA BARAT,3276,KOTA DEPOK,3,UNIT,2014,jasa informasi
23,32,JAWA BARAT,3276,KOTA DEPOK,0,UNIT,2014,jasa konsultan pariwisata
50,32,JAWA BARAT,3276,KOTA DEPOK,3,UNIT,2015,jasa informasi
50,32,JAWA BARAT,3276,KOTA DEPOK,0,UNIT,2015,jasa konsultan pariwisata
77,32,JAWA BARAT,3276,KOTA DEPOK,3,UNIT,2016,jasa informasi
77,32,JAWA BARAT,3276,KOTA DEPOK,0,UNIT,2016,jasa konsultan pariwisata
104,32,JAWA BARAT,3276,KOTA DEPOK,3,UNIT,2017,jasa informasi
104,32,JAWA BARAT,3276,KOTA DEPOK,0,UNIT,2017,jasa konsultan pariwisata
131,32,JAWA BARAT,3276,KOTA DEPOK,0,UNIT,2018,jasa informasi
131,32,JAWA BARAT,3276,KOTA DEPOK,0,UNIT,2018,jasa konsultan pariwisata
158,32,JAWA BARAT,3276,KOTA DEPOK,0,UNIT,2019,jasa informasi
158,32,JAWA BARAT,3276,KOTA DEPOK,0,UNIT,2019,jasa konsultan pariwisata
186,32,JAWA BARAT,3276,KOTA DEPOK,0,UNIT,2020,jasa informasi
185,32,JAWA BARAT,3276,KOTA DEPOK,0,UNIT,2020,jasa konsultan pariwisata
212,32,JAWA BARAT,3276,KOTA DEPOK,0,UNIT,2021,jasa informasi
24,32,JAWA BARAT,3277,KOTA CIMAHI,0,UNIT,2014,jasa informasi
24,32,JAWA BARAT,3277,KOTA CIMAHI,0,UNIT,2014,jasa konsultan pariwisata
51,32,JAWA BARAT,3277,KOTA CIMAHI,0,UNIT,2015,jasa informasi
51,32,JAWA BARAT,3277,KOTA CIMAHI,0,UNIT,2015,jasa konsultan pariwisata
78,32,JAWA BARAT,3277,KOTA CIMAHI,5,UNIT,2016,jasa informasi
78,32,JAWA BARAT,3277,KOTA CIMAHI,0,UNIT,2016,jasa konsultan pariwisata
105,32,JAWA BARAT,3277,KOTA CIMAHI,5,UNIT,2017,jasa informasi
105,32,JAWA BARAT,3277,KOTA CIMAHI,0,UNIT,2017,jasa konsultan pariwisata
132,32,JAWA BARAT,3277,KOTA CIMAHI,0,UNIT,2018,jasa informasi
132,32,JAWA BARAT,3277,KOTA CIMAHI,0,UNIT,2018,jasa konsultan pariwisata
159,32,JAWA BARAT,3277,KOTA CIMAHI,0,UNIT,2019,jasa informasi
159,32,JAWA BARAT,3277,KOTA CIMAHI,0,UNIT,2019,jasa konsultan pariwisata
184,32,JAWA BARAT,3277,KOTA CIMAHI,0,UNIT,2020,jasa informasi
186,32,JAWA BARAT,3277,KOTA CIMAHI,0,UNIT,2020,jasa konsultan pariwisata
213,32,JAWA BARAT,3277,KOTA CIMAHI,0,UNIT,2021,jasa informasi
25,32,JAWA BARAT,3278,KOTA TASIKMALAYA,0,UNIT,2014,jasa informasi
25,32,JAWA BARAT,3278,KOTA TASIKMALAYA,0,UNIT,2014,jasa konsultan pariwisata
52,32,JAWA BARAT,3278,KOTA TASIKMALAYA,0,UNIT,2015,jasa informasi
52,32,JAWA BARAT,3278,KOTA TASIKMALAYA,0,UNIT,2015,jasa konsultan pariwisata
79,32,JAWA BARAT,3278,KOTA TASIKMALAYA,0,UNIT,2016,jasa informasi
79,32,JAWA BARAT,3278,KOTA TASIKMALAYA,0,UNIT,2016,jasa konsultan pariwisata
106,32,JAWA BARAT,3278,KOTA TASIKMALAYA,0,UNIT,2017,jasa informasi
106,32,JAWA BARAT,3278,KOTA TASIKMALAYA,0,UNIT,2017,jasa konsultan pariwisata
133,32,JAWA BARAT,3278,KOTA TASIKMALAYA,0,UNIT,2018,jasa informasi
133,32,JAWA BARAT,3278,KOTA TASIKMALAYA,0,UNIT,2018,jasa konsultan pariwisata
160,32,JAWA BARAT,3278,KOTA TASIKMALAYA,0,UNIT,2019,jasa informasi
160,32,JAWA BARAT,3278,KOTA TASIKMALAYA,0,UNIT,2019,jasa konsultan pariwisata
188,32,JAWA BARAT,3278,KOTA TASIKMALAYA,0,UNIT,2020,jasa informasi
187,32,JAWA BARAT,3278,KOTA TASIKMALAYA,0,UNIT,2020,jasa konsultan pariwisata
214,32,JAWA BARAT,3278,KOTA TASIKMALAYA,0,UNIT,2021,jasa informasi
26,32,JAWA BARAT,3279,KOTA BANJAR,0,UNIT,2014,jasa informasi
26,32,JAWA BARAT,3279,KOTA BANJAR,0,UNIT,2014,jasa konsultan pariwisata
53,32,JAWA BARAT,3279,KOTA BANJAR,0,UNIT,2015,jasa informasi
53,32,JAWA BARAT,3279,KOTA BANJAR,0,UNIT,2015,jasa konsultan pariwisata
80,32,JAWA BARAT,3279,KOTA BANJAR,0,UNIT,2016,jasa informasi
80,32,JAWA BARAT,3279,KOTA BANJAR,0,UNIT,2016,jasa konsultan pariwisata
107,32,JAWA BARAT,3279,KOTA BANJAR,0,UNIT,2017,jasa informasi
107,32,JAWA BARAT,3279,KOTA BANJAR,0,UNIT,2017,jasa konsultan pariwisata
134,32,JAWA BARAT,3279,KOTA BANJAR,0,UNIT,2018,jasa informasi
134,32,JAWA BARAT,3279,KOTA BANJAR,0,UNIT,2018,jasa konsultan pariwisata
161,32,JAWA BARAT,3279,KOTA BANJAR,0,UNIT,2019,jasa informasi
161,32,JAWA BARAT,3279,KOTA BANJAR,0,UNIT,2019,jasa konsultan pariwisata
181,32,JAWA BARAT,3279,KOTA BANJAR,0,UNIT,2020,jasa informasi
188,32,JAWA BARAT,3279,KOTA BANJAR,0,UNIT,2020,jasa konsultan pariwisata
215,32,JAWA BARAT,3279,KOTA BANJAR,0,UNIT,2021,jasa informasi