country_region_code,country_region,sub_region_1,sub_region_2,metro_area,iso_3166_2_code,census_fips_code,place_id,date,retail_and_recreation_percent_change_from_baseline,grocery_and_pharmacy_percent_change_from_baseline,parks_percent_change_from_baseline,transit_stations_percent_change_from_baseline,workplaces_percent_change_from_baseline,residential_percent_change_from_baseline
ID,Indonesia,West Java,,,ID-JB,,ChIJf0dSgjnmaC4Rfp2O_FSkGLw,2020-02-15,-6.0,-5.0,-11.0,3.0,5,1
ID,Indonesia,West Java,,,ID-JB,,ChIJf0dSgjnmaC4Rfp2O_FSkGLw,2020-02-16,-6.0,-5.0,-9.0,0.0,1,2
ID,Indonesia,West Java,,,ID-JB,,ChIJf0dSgjnmaC4Rfp2O_FSkGLw,2020-02-17,-4.0,-3.0,-6.0,3.0,2,1
ID,Indonesia,West Java,,,ID-JB,,ChIJf0dSgjnmaC4Rfp2O_FSkGLw,2020-02-18,-5.0,-3.0,-7.0,1.0,3,1
ID,Indonesia,West Java,,,ID-JB,,ChIJf0dSgjnmaC4Rfp2O_FSkGLw,2020-02-19,-1.0,-1.0,-1.0,3.0,2,0
ID,Indonesia,West Java,,,ID-JB,,ChIJf0dSgjnmaC4Rfp2O_FSkGLw,2020-02-20,-1.0,2.0,-2.0,6.0,2,1
ID,Indonesia,West Java,,,ID-JB,,ChIJf0dSgjnmaC4Rfp2O_FSkGLw,2020-02-21,1.0,1.0,1.0,2.0,5,0
ID,Indonesia,West Java,,,ID-JB,,ChIJf0dSgjnmaC4Rfp2O_FSkGLw,2020-02-22,0.0,0.0,-5.0,-1.0,5,0
ID,Indonesia,West Java,,,ID-JB,,ChIJf0dSgjnmaC4Rfp2O_FSkGLw,2020-02-23,-4.0,-3.0,-8.0,-6.0,4,2
ID,Indonesia,West Java,,,ID-JB,,ChIJf0dSgjnmaC4Rfp2O_FSkGLw,2020-02-24,-6.0,-5.0,-6.0,-1.0,2,2
ID,Indonesia,West Java,,,ID-JB,,ChIJf0dSgjnmaC4Rfp2O_FSkGLw,2020-02-25,-3.0,2.0,-4.0,-6.0,-7,3
ID,Indonesia,West Java,,,ID-JB,,ChIJf0dSgjnmaC4Rfp2O_FSkGLw,2020-02-26,-1.0,1.0,-3.0,2.0,2,0
ID,Indonesia,West Java,,,ID-JB,,ChIJf0dSgjnmaC4Rfp2O_FSkGLw,2020-02-27,2.0,7.0,0.0,5.0,4,0
ID,Indonesia,West Java,,,ID-JB,,ChIJf0dSgjnmaC4Rfp2O_FSkGLw,2020-02-28,0.0,4.0,-4.0,3.0,5,1
ID,Indonesia,West Java,,,ID-JB,,ChIJf0dSgjnmaC4Rfp2O_FSkGLw,2020-02-29,5.0,10.0,-4.0,8.0,7,-1
ID,Indonesia,West Java,,,ID-JB,,ChIJf0dSgjnmaC4Rfp2O_FSkGLw,2020-03-01,4.0,9.0,-6.0,7.0,4,0
ID,Indonesia,West Java,,,ID-JB,,ChIJf0dSgjnmaC4Rfp2O_FSkGLw,2020-03-02,9.0,18.0,6.0,8.0,4,-1
ID,Indonesia,West Java,,,ID-JB,,ChIJf0dSgjnmaC4Rfp2O_FSkGLw,2020-03-03,5.0,12.0,0.0,3.0,5,0
ID,Indonesia,West Java,,,ID-JB,,ChIJf0dSgjnmaC4Rfp2O_FSkGLw,2020-03-04,-1.0,3.0,-3.0,4.0,4,1
ID,Indonesia,West Java,,,ID-JB,,ChIJf0dSgjnmaC4Rfp2O_FSkGLw,2020-03-05,7.0,14.0,4.0,9.0,4,0
ID,Indonesia,West Java,,,ID-JB,,ChIJf0dSgjnmaC4Rfp2O_FSkGLw,2020-03-06,4.0,5.0,2.0,4.0,6,1
ID,Indonesia,West Java,,,ID-JB,,ChIJf0dSgjnmaC4Rfp2O_FSkGLw,2020-03-07,8.0,12.0,5.0,6.0,6,-1
ID,Indonesia,West Java,,,ID-JB,,ChIJf0dSgjnmaC4Rfp2O_FSkGLw,2020-03-08,1.0,5.0,-2.0,2.0,4,1
ID,Indonesia,West Java,,,ID-JB,,ChIJf0dSgjnmaC4Rfp2O_FSkGLw,2020-03-09,4.0,7.0,4.0,5.0,4,1
ID,Indonesia,West Java,,,ID-JB,,ChIJf0dSgjnmaC4Rfp2O_FSkGLw,2020-03-10,3.0,6.0,2.0,4.0,4,1
ID,Indonesia,West Java,,,ID-JB,,ChIJf0dSgjnmaC4Rfp2O_FSkGLw,2020-03-11,6.0,8.0,6.0,6.0,3,1
ID,Indonesia,West Java,,,ID-JB,,ChIJf0dSgjnmaC4Rfp2O_FSkGLw,2020-03-12,3.0,5.0,3.0,6.0,3,1
ID,Indonesia,West Java,,,ID-JB,,ChIJf0dSgjnmaC4Rfp2O_FSkGLw,2020-03-13,6.0,6.0,5.0,3.0,5,1
ID,Indonesia,West Java,,,ID-JB,,ChIJf0dSgjnmaC4Rfp2O_FSkGLw,2020-03-14,-7.0,-1.0,-8.0,-5.0,6,2
ID,Indonesia,West Java,,,ID-JB,,ChIJf0dSgjnmaC4Rfp2O_FSkGLw,2020-03-15,-10.0,2.0,-12.0,-10.0,4,4
ID,Indonesia,West Java,,,ID-JB,,ChIJf0dSgjnmaC4Rfp2O_FSkGLw,2020-03-16,-11.0,-2.0,-9.0,-11.0,-12,6
ID,Indonesia,West Java,,,ID-JB,,ChIJf0dSgjnmaC4Rfp2O_FSkGLw,2020-03-17,-9.0,2.0,-10.0,-16.0,-17,7
ID,Indonesia,West Java,,,ID-JB,,ChIJf0dSgjnmaC4Rfp2O_FSkGLw,2020-03-18,-10.0,1.0,-9.0,-20.0,-19,9
ID,Indonesia,West Java,,,ID-JB,,ChIJf0dSgjnmaC4Rfp2O_FSkGLw,2020-03-19,-18.0,-7.0,-17.0,-26.0,-21,10
ID,Indonesia,West Java,,,ID-JB,,ChIJf0dSgjnmaC4Rfp2O_FSkGLw,2020-03-20,-23.0,-9.0,-21.0,-34.0,-22,13
ID,Indonesia,West Java,,,ID-JB,,ChIJf0dSgjnmaC4Rfp2O_FSkGLw,2020-03-21,-25.0,-5.0,-27.0,-37.0,-10,9
ID,Indonesia,West Java,,,ID-JB,,ChIJf0dSgjnmaC4Rfp2O_FSkGLw,2020-03-22,-36.0,-16.0,-39.0,-44.0,-7,11
ID,Indonesia,West Java,,,ID-JB,,ChIJf0dSgjnmaC4Rfp2O_FSkGLw,2020-03-23,-27.0,-13.0,-22.0,-41.0,-29,14
ID,Indonesia,West Java,,,ID-JB,,ChIJf0dSgjnmaC4Rfp2O_FSkGLw,2020-03-24,-31.0,-13.0,-26.0,-43.0,-33,15
ID,Indonesia,West Java,,,ID-JB,,ChIJf0dSgjnmaC4Rfp2O_FSkGLw,2020-03-25,-34.0,-15.0,-26.0,-50.0,-60,23
ID,Indonesia,West Java,,,ID-JB,,ChIJf0dSgjnmaC4Rfp2O_FSkGLw,2020-03-26,-32.0,-13.0,-27.0,-45.0,-34,16
ID,Indonesia,West Java,,,ID-JB,,ChIJf0dSgjnmaC4Rfp2O_FSkGLw,2020-03-27,-33.0,-12.0,-27.0,-50.0,-34,18
ID,Indonesia,West Java,,,ID-JB,,ChIJf0dSgjnmaC4Rfp2O_FSkGLw,2020-03-28,-42.0,-18.0,-42.0,-52.0,-22,15
ID,Indonesia,West Java,,,ID-JB,,ChIJf0dSgjnmaC4Rfp2O_FSkGLw,2020-03-29,-50.0,-30.0,-51.0,-55.0,-16,16
ID,Indonesia,West Java,,,ID-JB,,ChIJf0dSgjnmaC4Rfp2O_FSkGLw,2020-03-30,-37.0,-20.0,-32.0,-50.0,-36,17
ID,Indonesia,West Java,,,ID-JB,,ChIJf0dSgjnmaC4Rfp2O_FSkGLw,2020-03-31,-34.0,-13.0,-28.0,-49.0,-37,17
ID,Indonesia,West Java,,,ID-JB,,ChIJf0dSgjnmaC4Rfp2O_FSkGLw,2020-04-01,-28.0,-5.0,-22.0,-47.0,-37,16
ID,Indonesia,West Java,,,ID-JB,,ChIJf0dSgjnmaC4Rfp2O_FSkGLw,2020-04-02,-30.0,-9.0,-24.0,-49.0,-37,17
ID,Indonesia,West Java,,,ID-JB,,ChIJf0dSgjnmaC4Rfp2O_FSkGLw,2020-04-03,-33.0,-16.0,-28.0,-54.0,-36,18
ID,Indonesia,West Java,,,ID-JB,,ChIJf0dSgjnmaC4Rfp2O_FSkGLw,2020-04-04,-43.0,-24.0,-45.0,-58.0,-26,16
ID,Indonesia,West Java,,,ID-JB,,ChIJf0dSgjnmaC4Rfp2O_FSkGLw,2020-04-05,-46.0,-25.0,-47.0,-58.0,-17,15
ID,Indonesia,West Java,,,ID-JB,,ChIJf0dSgjnmaC4Rfp2O_FSkGLw,2020-04-06,-34.0,-20.0,-29.0,-53.0,-37,17
ID,Indonesia,West Java,,,ID-JB,,ChIJf0dSgjnmaC4Rfp2O_FSkGLw,2020-04-07,-32.0,-15.0,-28.0,-50.0,-37,17
ID,Indonesia,West Java,,,ID-JB,,ChIJf0dSgjnmaC4Rfp2O_FSkGLw,2020-04-08,-31.0,-15.0,-26.0,-49.0,-37,17
ID,Indonesia,West Java,,,ID-JB,,ChIJf0dSgjnmaC4Rfp2O_FSkGLw,2020-04-09,-30.0,-11.0,-25.0,-46.0,-37,17
ID,Indonesia,West Java,,,ID-JB,,ChIJf0dSgjnmaC4Rfp2O_FSkGLw,2020-04-10,-41.0,-25.0,-32.0,-64.0,-62,27
ID,Indonesia,West Java,,,ID-JB,,ChIJf0dSgjnmaC4Rfp2O_FSkGLw,2020-04-11,-43.0,-23.0,-42.0,-60.0,-31,18
ID,Indonesia,West Java,,,ID-JB,,ChIJf0dSgjnmaC4Rfp2O_FSkGLw,2020-04-12,-48.0,-28.0,-47.0,-61.0,-17,16
ID,Indonesia,West Java,,,ID-JB,,ChIJf0dSgjnmaC4Rfp2O_FSkGLw,2020-04-13,-33.0,-18.0,-27.0,-54.0,-37,19
ID,Indonesia,West Java,,,ID-JB,,ChIJf0dSgjnmaC4Rfp2O_FSkGLw,2020-04-14,-33.0,-18.0,-28.0,-53.0,-38,18
ID,Indonesia,West Java,,,ID-JB,,ChIJf0dSgjnmaC4Rfp2O_FSkGLw,2020-04-15,-35.0,-20.0,-26.0,-55.0,-39,19
ID,Indonesia,West Java,,,ID-JB,,ChIJf0dSgjnmaC4Rfp2O_FSkGLw,2020-04-16,-33.0,-17.0,-24.0,-54.0,-39,19
ID,Indonesia,West Java,,,ID-JB,,ChIJf0dSgjnmaC4Rfp2O_FSkGLw,2020-04-17,-38.0,-25.0,-31.0,-60.0,-39,21
ID,Indonesia,West Java,,,ID-JB,,ChIJf0dSgjnmaC4Rfp2O_FSkGLw,2020-04-18,-45.0,-26.0,-44.0,-60.0,-25,16
ID,Indonesia,West Java,,,ID-JB,,ChIJf0dSgjnmaC4Rfp2O_FSkGLw,2020-04-19,-47.0,-27.0,-47.0,-61.0,-14,15
ID,Indonesia,West Java,,,ID-JB,,ChIJf0dSgjnmaC4Rfp2O_FSkGLw,2020-04-20,-33.0,-18.0,-27.0,-55.0,-37,18
ID,Indonesia,West Java,,,ID-JB,,ChIJf0dSgjnmaC4Rfp2O_FSkGLw,2020-04-21,-35.0,-19.0,-31.0,-54.0,-40,18
ID,Indonesia,West Java,,,ID-JB,,ChIJf0dSgjnmaC4Rfp2O_FSkGLw,2020-04-22,-34.0,-15.0,-26.0,-50.0,-40,18
ID,Indonesia,West Java,,,ID-JB,,ChIJf0dSgjnmaC4Rfp2O_FSkGLw,2020-04-23,-30.0,-5.0,-24.0,-45.0,-41,17
ID,Indonesia,West Java,,,ID-JB,,ChIJf0dSgjnmaC4Rfp2O_FSkGLw,2020-04-24,-50.0,-29.0,-44.0,-66.0,-48,26
ID,Indonesia,West Java,,,ID-JB,,ChIJf0dSgjnmaC4Rfp2O_FSkGLw,2020-04-25,-52.0,-29.0,-52.0,-66.0,-32,21
ID,Indonesia,West Java,,,ID-JB,,ChIJf0dSgjnmaC4Rfp2O_FSkGLw,2020-04-26,-56.0,-37.0,-59.0,-68.0,-20,20
ID,Indonesia,West Java,,,ID-JB,,ChIJf0dSgjnmaC4Rfp2O_FSkGLw,2020-04-27,-44.0,-30.0,-40.0,-61.0,-40,22
ID,Indonesia,West Java,,,ID-JB,,ChIJf0dSgjnmaC4Rfp2O_FSkGLw,2020-04-28,-45.0,-29.0,-41.0,-60.0,-41,21
ID,Indonesia,West Java,,,ID-JB,,ChIJf0dSgjnmaC4Rfp2O_FSkGLw,2020-04-29,-39.0,-20.0,-34.0,-57.0,-40,20
ID,Indonesia,West Java,,,ID-JB,,ChIJf0dSgjnmaC4Rfp2O_FSkGLw,2020-04-30,-38.0,-16.0,-33.0,-55.0,-40,20
ID,Indonesia,West Java,,,ID-JB,,ChIJf0dSgjnmaC4Rfp2O_FSkGLw,2020-05-01,-42.0,-19.0,-39.0,-66.0,-63,28
ID,Indonesia,West Java,,,ID-JB,,ChIJf0dSgjnmaC4Rfp2O_FSkGLw,2020-05-02,-46.0,-23.0,-48.0,-62.0,-30,19
ID,Indonesia,West Java,,,ID-JB,,ChIJf0dSgjnmaC4Rfp2O_FSkGLw,2020-05-03,-51.0,-29.0,-54.0,-65.0,-15,18
ID,Indonesia,West Java,,,ID-JB,,ChIJf0dSgjnmaC4Rfp2O_FSkGLw,2020-05-04,-38.0,-21.0,-34.0,-58.0,-38,20
ID,Indonesia,West Java,,,ID-JB,,ChIJf0dSgjnmaC4Rfp2O_FSkGLw,2020-05-05,-36.0,-16.0,-33.0,-55.0,-39,20
ID,Indonesia,West Java,,,ID-JB,,ChIJf0dSgjnmaC4Rfp2O_FSkGLw,2020-05-06,-40.0,-20.0,-35.0,-55.0,-40,21
ID,Indonesia,West Java,,,ID-JB,,ChIJf0dSgjnmaC4Rfp2O_FSkGLw,2020-05-07,-59.0,-11.0,-31.0,-56.0,-60,26
ID,Indonesia,West Java,,,ID-JB,,ChIJf0dSgjnmaC4Rfp2O_FSkGLw,2020-05-08,-60.0,-15.0,-34.0,-57.0,-39,22
ID,Indonesia,West Java,,,ID-JB,,ChIJf0dSgjnmaC4Rfp2O_FSkGLw,2020-05-09,-64.0,-19.0,-47.0,-57.0,-27,19
ID,Indonesia,West Java,,,ID-JB,,ChIJf0dSgjnmaC4Rfp2O_FSkGLw,2020-05-10,-68.0,-26.0,-55.0,-60.0,-14,18
ID,Indonesia,West Java,,,ID-JB,,ChIJf0dSgjnmaC4Rfp2O_FSkGLw,2020-05-11,-58.0,-13.0,-32.0,-52.0,-37,20
ID,Indonesia,West Java,,,ID-JB,,ChIJf0dSgjnmaC4Rfp2O_FSkGLw,2020-05-12,-58.0,-12.0,-32.0,-50.0,-39,20
ID,Indonesia,West Java,,,ID-JB,,ChIJf0dSgjnmaC4Rfp2O_FSkGLw,2020-05-13,-55.0,-6.0,-26.0,-48.0,-38,19
ID,Indonesia,West Java,,,ID-JB,,ChIJf0dSgjnmaC4Rfp2O_FSkGLw,2020-05-14,-50.0,0.0,-20.0,-45.0,-37,18
ID,Indonesia,West Java,,,ID-JB,,ChIJf0dSgjnmaC4Rfp2O_FSkGLw,2020-05-15,-49.0,0.0,-20.0,-48.0,-36,19
ID,Indonesia,West Java,,,ID-JB,,ChIJf0dSgjnmaC4Rfp2O_FSkGLw,2020-05-16,-53.0,-2.0,-34.0,-47.0,-22,16
ID,Indonesia,West Java,,,ID-JB,,ChIJf0dSgjnmaC4Rfp2O_FSkGLw,2020-05-17,-56.0,-8.0,-42.0,-49.0,-8,16
ID,Indonesia,West Java,,,ID-JB,,ChIJf0dSgjnmaC4Rfp2O_FSkGLw,2020-05-18,-52.0,-10.0,-25.0,-47.0,-37,20
ID,Indonesia,West Java,,,ID-JB,,ChIJf0dSgjnmaC4Rfp2O_FSkGLw,2020-05-19,-43.0,14.0,-10.0,-37.0,-37,18
ID,Indonesia,West Java,,,ID-JB,,ChIJf0dSgjnmaC4Rfp2O_FSkGLw,2020-05-20,-40.0,9.0,-12.0,-36.0,-38,18
ID,Indonesia,West Java,,,ID-JB,,ChIJf0dSgjnmaC4Rfp2O_FSkGLw,2020-05-21,-30.0,34.0,5.0,-30.0,-60,21
ID,Indonesia,West Java,,,ID-JB,,ChIJf0dSgjnmaC4Rfp2O_FSkGLw,2020-05-22,-37.0,21.0,-2.0,-38.0,-52,22
ID,Indonesia,West Java,,,ID-JB,,ChIJf0dSgjnmaC4Rfp2O_FSkGLw,2020-05-23,-49.0,11.0,-19.0,-40.0,-41,17
ID,Indonesia,West Java,,,ID-JB,,ChIJf0dSgjnmaC4Rfp2O_FSkGLw,2020-05-24,-60.0,-23.0,-33.0,-53.0,-25,7
ID,Indonesia,West Java,,,ID-JB,,ChIJf0dSgjnmaC4Rfp2O_FSkGLw,2020-05-25,-48.0,-8.0,-1.0,-50.0,-72,21
ID,Indonesia,West Java,,,ID-JB,,ChIJf0dSgjnmaC4Rfp2O_FSkGLw,2020-05-26,-43.0,1.0,-3.0,-43.0,-51,18
ID,Indonesia,West Java,,,ID-JB,,ChIJf0dSgjnmaC4Rfp2O_FSkGLw,2020-05-27,-44.0,-3.0,-8.0,-44.0,-45,19
ID,Indonesia,West Java,,,ID-JB,,ChIJf0dSgjnmaC4Rfp2O_FSkGLw,2020-05-28,-39.0,9.0,-3.0,-41.0,-41,18
ID,Indonesia,West Java,,,ID-JB,,ChIJf0dSgjnmaC4Rfp2O_FSkGLw,2020-05-29,-48.0,-8.0,-20.0,-51.0,-39,21
ID,Indonesia,West Java,,,ID-JB,,ChIJf0dSgjnmaC4Rfp2O_FSkGLw,2020-05-30,-47.0,-2.0,-23.0,-46.0,-23,14
ID,Indonesia,West Java,,,ID-JB,,ChIJf0dSgjnmaC4Rfp2O_FSkGLw,2020-05-31,-48.0,-5.0,-24.0,-45.0,-5,12
ID,Indonesia,West Java,,,ID-JB,,ChIJf0dSgjnmaC4Rfp2O_FSkGLw,2020-06-01,-37.0,5.0,5.0,-44.0,-59,22
ID,Indonesia,West Java,,,ID-JB,,ChIJf0dSgjnmaC4Rfp2O_FSkGLw,2020-06-02,-40.0,3.0,-9.0,-39.0,-30,15
ID,Indonesia,West Java,,,ID-JB,,ChIJf0dSgjnmaC4Rfp2O_FSkGLw,2020-06-03,-38.0,5.0,-6.0,-38.0,-30,16
ID,Indonesia,West Java,,,ID-JB,,ChIJf0dSgjnmaC4Rfp2O_FSkGLw,2020-06-04,-38.0,7.0,-6.0,-37.0,-30,16
ID,Indonesia,West Java,,,ID-JB,,ChIJf0dSgjnmaC4Rfp2O_FSkGLw,2020-06-05,-39.0,0.0,-14.0,-44.0,-28,17
ID,Indonesia,West Java,,,ID-JB,,ChIJf0dSgjnmaC4Rfp2O_FSkGLw,2020-06-06,-41.0,-1.0,-20.0,-42.0,-15,13
ID,Indonesia,West Java,,,ID-JB,,ChIJf0dSgjnmaC4Rfp2O_FSkGLw,2020-06-07,-42.0,-3.0,-19.0,-42.0,-3,12
ID,Indonesia,West Java,,,ID-JB,,ChIJf0dSgjnmaC4Rfp2O_FSkGLw,2020-06-08,-36.0,0.0,-10.0,-37.0,-26,15
ID,Indonesia,West Java,,,ID-JB,,ChIJf0dSgjnmaC4Rfp2O_FSkGLw,2020-06-09,-37.0,0.0,-12.0,-36.0,-27,15
ID,Indonesia,West Java,,,ID-JB,,ChIJf0dSgjnmaC4Rfp2O_FSkGLw,2020-06-10,-34.0,4.0,-6.0,-33.0,-27,15
ID,Indonesia,West Java,,,ID-JB,,ChIJf0dSgjnmaC4Rfp2O_FSkGLw,2020-06-11,-32.0,5.0,-8.0,-35.0,-27,15
ID,Indonesia,West Java,,,ID-JB,,ChIJf0dSgjnmaC4Rfp2O_FSkGLw,2020-06-12,-34.0,0.0,-11.0,-40.0,-26,16
ID,Indonesia,West Java,,,ID-JB,,ChIJf0dSgjnmaC4Rfp2O_FSkGLw,2020-06-13,-36.0,0.0,-13.0,-37.0,-14,12
ID,Indonesia,West Java,,,ID-JB,,ChIJf0dSgjnmaC4Rfp2O_FSkGLw,2020-06-14,-36.0,-1.0,-10.0,-35.0,0,10
ID,Indonesia,West Java,,,ID-JB,,ChIJf0dSgjnmaC4Rfp2O_FSkGLw,2020-06-15,-32.0,1.0,-7.0,-34.0,-25,14
ID,Indonesia,West Java,,,ID-JB,,ChIJf0dSgjnmaC4Rfp2O_FSkGLw,2020-06-16,-32.0,2.0,-8.0,-32.0,-26,14
ID,Indonesia,West Java,,,ID-JB,,ChIJf0dSgjnmaC4Rfp2O_FSkGLw,2020-06-17,-30.0,4.0,-4.0,-30.0,-26,13
ID,Indonesia,West Java,,,ID-JB,,ChIJf0dSgjnmaC4Rfp2O_FSkGLw,2020-06-18,-30.0,4.0,-8.0,-32.0,-26,13
ID,Indonesia,West Java,,,ID-JB,,ChIJf0dSgjnmaC4Rfp2O_FSkGLw,2020-06-19,-32.0,-2.0,-13.0,-37.0,-25,15
ID,Indonesia,West Java,,,ID-JB,,ChIJf0dSgjnmaC4Rfp2O_FSkGLw,2020-06-20,-33.0,1.0,-11.0,-35.0,-12,10
ID,Indonesia,West Java,,,ID-JB,,ChIJf0dSgjnmaC4Rfp2O_FSkGLw,2020-06-21,-35.0,-3.0,-9.0,-34.0,0,10
ID,Indonesia,West Java,,,ID-JB,,ChIJf0dSgjnmaC4Rfp2O_FSkGLw,2020-06-22,-32.0,-3.0,-9.0,-33.0,-27,14
ID,Indonesia,West Java,,,ID-JB,,ChIJf0dSgjnmaC4Rfp2O_FSkGLw,2020-06-23,-30.0,1.0,-8.0,-31.0,-27,14
ID,Indonesia,West Java,,,ID-JB,,ChIJf0dSgjnmaC4Rfp2O_FSkGLw,2020-06-24,-30.0,0.0,-5.0,-30.0,-26,13
ID,Indonesia,West Java,,,ID-JB,,ChIJf0dSgjnmaC4Rfp2O_FSkGLw,2020-06-25,-28.0,7.0,-5.0,-29.0,-26,13
ID,Indonesia,West Java,,,ID-JB,,ChIJf0dSgjnmaC4Rfp2O_FSkGLw,2020-06-26,-31.0,1.0,-9.0,-34.0,-25,14
ID,Indonesia,West Java,,,ID-JB,,ChIJf0dSgjnmaC4Rfp2O_FSkGLw,2020-06-27,-30.0,5.0,-6.0,-29.0,-14,10
ID,Indonesia,West Java,,,ID-JB,,ChIJf0dSgjnmaC4Rfp2O_FSkGLw,2020-06-28,-31.0,1.0,-3.0,-29.0,0,9
ID,Indonesia,West Java,,,ID-JB,,ChIJf0dSgjnmaC4Rfp2O_FSkGLw,2020-06-29,-28.0,3.0,-3.0,-30.0,-25,13
ID,Indonesia,West Java,,,ID-JB,,ChIJf0dSgjnmaC4Rfp2O_FSkGLw,2020-06-30,-23.0,9.0,-2.0,-29.0,-25,12
ID,Indonesia,West Java,,,ID-JB,,ChIJf0dSgjnmaC4Rfp2O_FSkGLw,2020-07-01,-21.0,12.0,2.0,-26.0,-25,12
ID,Indonesia,West Java,,,ID-JB,,ChIJf0dSgjnmaC4Rfp2O_FSkGLw,2020-07-02,-25.0,8.0,-6.0,-27.0,-26,13
ID,Indonesia,West Java,,,ID-JB,,ChIJf0dSgjnmaC4Rfp2O_FSkGLw,2020-07-03,-24.0,6.0,-2.0,-29.0,-24,14
ID,Indonesia,West Java,,,ID-JB,,ChIJf0dSgjnmaC4Rfp2O_FSkGLw,2020-07-04,-23.0,10.0,4.0,-26.0,-14,9
ID,Indonesia,West Java,,,ID-JB,,ChIJf0dSgjnmaC4Rfp2O_FSkGLw,2020-07-05,-24.0,8.0,8.0,-23.0,-1,8
ID,Indonesia,West Java,,,ID-JB,,ChIJf0dSgjnmaC4Rfp2O_FSkGLw,2020-07-06,-24.0,4.0,-2.0,-27.0,-26,13
ID,Indonesia,West Java,,,ID-JB,,ChIJf0dSgjnmaC4Rfp2O_FSkGLw,2020-07-07,-21.0,10.0,2.0,-24.0,-25,12
ID,Indonesia,West Java,,,ID-JB,,ChIJf0dSgjnmaC4Rfp2O_FSkGLw,2020-07-08,-22.0,6.0,3.0,-24.0,-24,12
ID,Indonesia,West Java,,,ID-JB,,ChIJf0dSgjnmaC4Rfp2O_FSkGLw,2020-07-09,-21.0,11.0,3.0,-23.0,-24,12
ID,Indonesia,West Java,,,ID-JB,,ChIJf0dSgjnmaC4Rfp2O_FSkGLw,2020-07-10,-24.0,5.0,-2.0,-29.0,-23,13
ID,Indonesia,West Java,,,ID-JB,,ChIJf0dSgjnmaC4Rfp2O_FSkGLw,2020-07-11,-24.0,7.0,2.0,-25.0,-11,9
ID,Indonesia,West Java,,,ID-JB,,ChIJf0dSgjnmaC4Rfp2O_FSkGLw,2020-07-12,-26.0,5.0,2.0,-25.0,1,9
ID,Indonesia,West Java,,,ID-JB,,ChIJf0dSgjnmaC4Rfp2O_FSkGLw,2020-07-13,-24.0,4.0,-3.0,-28.0,-23,12
ID,Indonesia,West Java,,,ID-JB,,ChIJf0dSgjnmaC4Rfp2O_FSkGLw,2020-07-14,-26.0,2.0,-5.0,-29.0,-24,13
ID,Indonesia,West Java,,,ID-JB,,ChIJf0dSgjnmaC4Rfp2O_FSkGLw,2020-07-15,-23.0,3.0,-4.0,-28.0,-23,13
ID,Indonesia,West Java,,,ID-JB,,ChIJf0dSgjnmaC4Rfp2O_FSkGLw,2020-07-16,-22.0,7.0,-4.0,-28.0,-23,13
ID,Indonesia,West Java,,,ID-JB,,ChIJf0dSgjnmaC4Rfp2O_FSkGLw,2020-07-17,-24.0,1.0,-5.0,-33.0,-22,14
ID,Indonesia,West Java,,,ID-JB,,ChIJf0dSgjnmaC4Rfp2O_FSkGLw,2020-07-18,-24.0,4.0,-3.0,-31.0,-11,10
ID,Indonesia,West Java,,,ID-JB,,ChIJf0dSgjnmaC4Rfp2O_FSkGLw,2020-07-19,-27.0,1.0,-4.0,-31.0,2,9
ID,Indonesia,West Java,,,ID-JB,,ChIJf0dSgjnmaC4Rfp2O_FSkGLw,2020-07-20,-24.0,2.0,-5.0,-31.0,-23,13
ID,Indonesia,West Java,,,ID-JB,,ChIJf0dSgjnmaC4Rfp2O_FSkGLw,2020-07-21,-26.0,0.0,-8.0,-31.0,-24,14
ID,Indonesia,West Java,,,ID-JB,,ChIJf0dSgjnmaC4Rfp2O_FSkGLw,2020-07-22,-23.0,2.0,-4.0,-29.0,-23,14
ID,Indonesia,West Java,,,ID-JB,,ChIJf0dSgjnmaC4Rfp2O_FSkGLw,2020-07-23,-24.0,4.0,-6.0,-29.0,-23,14
ID,Indonesia,West Java,,,ID-JB,,ChIJf0dSgjnmaC4Rfp2O_FSkGLw,2020-07-24,-24.0,2.0,-3.0,-32.0,-22,14
ID,Indonesia,West Java,,,ID-JB,,ChIJf0dSgjnmaC4Rfp2O_FSkGLw,2020-07-25,-23.0,6.0,-1.0,-28.0,-11,10
ID,Indonesia,West Java,,,ID-JB,,ChIJf0dSgjnmaC4Rfp2O_FSkGLw,2020-07-26,-25.0,3.0,-3.0,-28.0,2,9
ID,Indonesia,West Java,,,ID-JB,,ChIJf0dSgjnmaC4Rfp2O_FSkGLw,2020-07-27,-23.0,3.0,-2.0,-28.0,-23,13
ID,Indonesia,West Java,,,ID-JB,,ChIJf0dSgjnmaC4Rfp2O_FSkGLw,2020-07-28,-22.0,7.0,-3.0,-25.0,-24,13
ID,Indonesia,West Java,,,ID-JB,,ChIJf0dSgjnmaC4Rfp2O_FSkGLw,2020-07-29,-18.0,12.0,3.0,-18.0,-24,13
ID,Indonesia,West Java,,,ID-JB,,ChIJf0dSgjnmaC4Rfp2O_FSkGLw,2020-07-30,-8.0,35.0,18.0,2.0,-27,10
ID,Indonesia,West Java,,,ID-JB,,ChIJf0dSgjnmaC4Rfp2O_FSkGLw,2020-07-31,-26.0,0.0,21.0,-31.0,-64,20
ID,Indonesia,West Java,,,ID-JB,,ChIJf0dSgjnmaC4Rfp2O_FSkGLw,2020-08-01,-23.0,8.0,18.0,-28.0,-25,10
ID,Indonesia,West Java,,,ID-JB,,ChIJf0dSgjnmaC4Rfp2O_FSkGLw,2020-08-02,-22.0,9.0,9.0,-12.0,-4,6
ID,Indonesia,West Java,,,ID-JB,,ChIJf0dSgjnmaC4Rfp2O_FSkGLw,2020-08-03,-17.0,10.0,9.0,-16.0,-25,12
ID,Indonesia,West Java,,,ID-JB,,ChIJf0dSgjnmaC4Rfp2O_FSkGLw,2020-08-04,-20.0,9.0,3.0,-22.0,-25,13
ID,Indonesia,West Java,,,ID-JB,,ChIJf0dSgjnmaC4Rfp2O_FSkGLw,2020-08-05,-17.0,11.0,7.0,-22.0,-24,12
ID,Indonesia,West Java,,,ID-JB,,ChIJf0dSgjnmaC4Rfp2O_FSkGLw,2020-08-06,-16.0,13.0,6.0,-22.0,-24,12
ID,Indonesia,West Java,,,ID-JB,,ChIJf0dSgjnmaC4Rfp2O_FSkGLw,2020-08-07,-19.0,6.0,3.0,-27.0,-23,12
ID,Indonesia,West Java,,,ID-JB,,ChIJf0dSgjnmaC4Rfp2O_FSkGLw,2020-08-08,-19.0,9.0,6.0,-22.0,-12,8
ID,Indonesia,West Java,,,ID-JB,,ChIJf0dSgjnmaC4Rfp2O_FSkGLw,2020-08-09,-21.0,6.0,3.0,-23.0,1,8
ID,Indonesia,West Java,,,ID-JB,,ChIJf0dSgjnmaC4Rfp2O_FSkGLw,2020-08-10,-17.0,9.0,6.0,-25.0,-23,12
ID,Indonesia,West Java,,,ID-JB,,ChIJf0dSgjnmaC4Rfp2O_FSkGLw,2020-08-11,-20.0,6.0,1.0,-26.0,-24,12
ID,Indonesia,West Java,,,ID-JB,,ChIJf0dSgjnmaC4Rfp2O_FSkGLw,2020-08-12,-15.0,9.0,8.0,-23.0,-23,12
ID,Indonesia,West Java,,,ID-JB,,ChIJf0dSgjnmaC4Rfp2O_FSkGLw,2020-08-13,-20.0,5.0,-1.0,-25.0,-24,13
ID,Indonesia,West Java,,,ID-JB,,ChIJf0dSgjnmaC4Rfp2O_FSkGLw,2020-08-14,-18.0,6.0,0.0,-25.0,-23,13
ID,Indonesia,West Java,,,ID-JB,,ChIJf0dSgjnmaC4Rfp2O_FSkGLw,2020-08-15,-17.0,10.0,8.0,-15.0,-11,8
ID,Indonesia,West Java,,,ID-JB,,ChIJf0dSgjnmaC4Rfp2O_FSkGLw,2020-08-16,-17.0,8.0,22.0,-17.0,0,7
ID,Indonesia,West Java,,,ID-JB,,ChIJf0dSgjnmaC4Rfp2O_FSkGLw,2020-08-17,-12.0,6.0,50.0,-25.0,-61,19
ID,Indonesia,West Java,,,ID-JB,,ChIJf0dSgjnmaC4Rfp2O_FSkGLw,2020-08-18,-20.0,6.0,4.0,-22.0,-23,11
ID,Indonesia,West Java,,,ID-JB,,ChIJf0dSgjnmaC4Rfp2O_FSkGLw,2020-08-19,-14.0,12.0,14.0,-15.0,-23,10
ID,Indonesia,West Java,,,ID-JB,,ChIJf0dSgjnmaC4Rfp2O_FSkGLw,2020-08-20,-9.0,14.0,41.0,-18.0,-55,18
ID,Indonesia,West Java,,,ID-JB,,ChIJf0dSgjnmaC4Rfp2O_FSkGLw,2020-08-21,-16.0,5.0,25.0,-32.0,-37,16
ID,Indonesia,West Java,,,ID-JB,,ChIJf0dSgjnmaC4Rfp2O_FSkGLw,2020-08-22,-22.0,0.0,14.0,-27.0,-12,10
ID,Indonesia,West Java,,,ID-JB,,ChIJf0dSgjnmaC4Rfp2O_FSkGLw,2020-08-23,-26.0,-3.0,2.0,-24.0,2,9
ID,Indonesia,West Java,,,ID-JB,,ChIJf0dSgjnmaC4Rfp2O_FSkGLw,2020-08-24,-20.0,1.0,2.0,-27.0,-21,12
ID,Indonesia,West Java,,,ID-JB,,ChIJf0dSgjnmaC4Rfp2O_FSkGLw,2020-08-25,-19.0,7.0,2.0,-27.0,-22,12
ID,Indonesia,West Java,,,ID-JB,,ChIJf0dSgjnmaC4Rfp2O_FSkGLw,2020-08-26,-17.0,7.0,6.0,-26.0,-21,12
ID,Indonesia,West Java,,,ID-JB,,ChIJf0dSgjnmaC4Rfp2O_FSkGLw,2020-08-27,-15.0,12.0,7.0,-25.0,-21,12
ID,Indonesia,West Java,,,ID-JB,,ChIJf0dSgjnmaC4Rfp2O_FSkGLw,2020-08-28,-17.0,9.0,6.0,-28.0,-20,13
ID,Indonesia,West Java,,,ID-JB,,ChIJf0dSgjnmaC4Rfp2O_FSkGLw,2020-08-29,-18.0,9.0,9.0,-26.0,-9,9
ID,Indonesia,West Java,,,ID-JB,,ChIJf0dSgjnmaC4Rfp2O_FSkGLw,2020-08-30,-19.0,8.0,11.0,-25.0,3,8
ID,Indonesia,West Java,,,ID-JB,,ChIJf0dSgjnmaC4Rfp2O_FSkGLw,2020-08-31,-16.0,9.0,7.0,-27.0,-21,12
ID,Indonesia,West Java,,,ID-JB,,ChIJf0dSgjnmaC4Rfp2O_FSkGLw,2020-09-01,-15.0,14.0,7.0,-25.0,-22,12
ID,Indonesia,West Java,,,ID-JB,,ChIJf0dSgjnmaC4Rfp2O_FSkGLw,2020-09-02,-15.0,11.0,8.0,-25.0,-22,12
ID,Indonesia,West Java,,,ID-JB,,ChIJf0dSgjnmaC4Rfp2O_FSkGLw,2020-09-03,-13.0,13.0,7.0,-25.0,-23,12
ID,Indonesia,West Java,,,ID-JB,,ChIJf0dSgjnmaC4Rfp2O_FSkGLw,2020-09-04,-16.0,8.0,6.0,-30.0,-22,14
ID,Indonesia,West Java,,,ID-JB,,ChIJf0dSgjnmaC4Rfp2O_FSkGLw,2020-09-05,-17.0,10.0,13.0,-27.0,-12,10
ID,Indonesia,West Java,,,ID-JB,,ChIJf0dSgjnmaC4Rfp2O_FSkGLw,2020-09-06,-17.0,8.0,15.0,-25.0,0,8
ID,Indonesia,West Java,,,ID-JB,,ChIJf0dSgjnmaC4Rfp2O_FSkGLw,2020-09-07,-16.0,7.0,9.0,-28.0,-23,13
ID,Indonesia,West Java,,,ID-JB,,ChIJf0dSgjnmaC4Rfp2O_FSkGLw,2020-09-08,-16.0,8.0,7.0,-27.0,-23,13
ID,Indonesia,West Java,,,ID-JB,,ChIJf0dSgjnmaC4Rfp2O_FSkGLw,2020-09-09,-16.0,8.0,10.0,-27.0,-22,12
ID,Indonesia,West Java,,,ID-JB,,ChIJf0dSgjnmaC4Rfp2O_FSkGLw,2020-09-10,-15.0,10.0,8.0,-26.0,-23,12
ID,Indonesia,West Java,,,ID-JB,,ChIJf0dSgjnmaC4Rfp2O_FSkGLw,2020-09-11,-16.0,4.0,7.0,-30.0,-22,13
ID,Indonesia,West Java,,,ID-JB,,ChIJf0dSgjnmaC4Rfp2O_FSkGLw,2020-09-12,-18.0,5.0,9.0,-29.0,-11,9
ID,Indonesia,West Java,,,ID-JB,,ChIJf0dSgjnmaC4Rfp2O_FSkGLw,2020-09-13,-21.0,1.0,7.0,-27.0,0,9
ID,Indonesia,West Java,,,ID-JB,,ChIJf0dSgjnmaC4Rfp2O_FSkGLw,2020-09-14,-21.0,-2.0,1.0,-38.0,-23,15
ID,Indonesia,West Java,,,ID-JB,,ChIJf0dSgjnmaC4Rfp2O_FSkGLw,2020-09-15,-22.0,-2.0,-2.0,-37.0,-24,15
ID,Indonesia,West Java,,,ID-JB,,ChIJf0dSgjnmaC4Rfp2O_FSkGLw,2020-09-16,-17.0,5.0,4.0,-34.0,-24,15
ID,Indonesia,West Java,,,ID-JB,,ChIJf0dSgjnmaC4Rfp2O_FSkGLw,2020-09-17,-18.0,4.0,1.0,-35.0,-24,15
ID,Indonesia,West Java,,,ID-JB,,ChIJf0dSgjnmaC4Rfp2O_FSkGLw,2020-09-18,-21.0,-1.0,-1.0,-39.0,-23,17
ID,Indonesia,West Java,,,ID-JB,,ChIJf0dSgjnmaC4Rfp2O_FSkGLw,2020-09-19,-22.0,0.0,-1.0,-38.0,-11,13
ID,Indonesia,West Java,,,ID-JB,,ChIJf0dSgjnmaC4Rfp2O_FSkGLw,2020-09-20,-31.0,-10.0,-12.0,-42.0,-3,14
ID,Indonesia,West Java,,,ID-JB,,ChIJf0dSgjnmaC4Rfp2O_FSkGLw,2020-09-21,-24.0,-6.0,-7.0,-38.0,-25,16
ID,Indonesia,West Java,,,ID-JB,,ChIJf0dSgjnmaC4Rfp2O_FSkGLw,2020-09-22,-28.0,-8.0,-11.0,-37.0,-27,17
ID,Indonesia,West Java,,,ID-JB,,ChIJf0dSgjnmaC4Rfp2O_FSkGLw,2020-09-23,-24.0,-2.0,-2.0,-34.0,-25,16
ID,Indonesia,West Java,,,ID-JB,,ChIJf0dSgjnmaC4Rfp2O_FSkGLw,2020-09-24,-24.0,-2.0,-3.0,-33.0,-26,16
ID,Indonesia,West Java,,,ID-JB,,ChIJf0dSgjnmaC4Rfp2O_FSkGLw,2020-09-25,-24.0,0.0,-3.0,-36.0,-24,18
ID,Indonesia,West Java,,,ID-JB,,ChIJf0dSgjnmaC4Rfp2O_FSkGLw,2020-09-26,-25.0,1.0,-4.0,-34.0,-12,13
ID,Indonesia,West Java,,,ID-JB,,ChIJf0dSgjnmaC4Rfp2O_FSkGLw,2020-09-27,-31.0,-7.0,-8.0,-35.0,-4,14
ID,Indonesia,West Java,,,ID-JB,,ChIJf0dSgjnmaC4Rfp2O_FSkGLw,2020-09-28,-24.0,0.0,-3.0,-32.0,-25,16
ID,Indonesia,West Java,,,ID-JB,,ChIJf0dSgjnmaC4Rfp2O_FSkGLw,2020-09-29,-24.0,0.0,-3.0,-30.0,-26,16
ID,Indonesia,West Java,,,ID-JB,,ChIJf0dSgjnmaC4Rfp2O_FSkGLw,2020-09-30,-20.0,9.0,3.0,-28.0,-26,14
ID,Indonesia,West Java,,,ID-JB,,ChIJf0dSgjnmaC4Rfp2O_FSkGLw,2020-10-01,-19.0,15.0,3.0,-27.0,-26,11
ID,Indonesia,West Java,,,ID-JB,,ChIJf0dSgjnmaC4Rfp2O_FSkGLw,2020-10-02,-20.0,7.0,3.0,-31.0,-25,12
ID,Indonesia,West Java,,,ID-JB,,ChIJf0dSgjnmaC4Rfp2O_FSkGLw,2020-10-03,-22.0,8.0,-1.0,-28.0,-17,9
ID,Indonesia,West Java,,,ID-JB,,ChIJf0dSgjnmaC4Rfp2O_FSkGLw,2020-10-04,-22.0,5.0,7.0,-26.0,-8,7
ID,Indonesia,West Java,,,ID-JB,,ChIJf0dSgjnmaC4Rfp2O_FSkGLw,2020-10-05,-21.0,5.0,4.0,-28.0,-27,11
ID,Indonesia,West Java,,,ID-JB,,ChIJf0dSgjnmaC4Rfp2O_FSkGLw,2020-10-06,-22.0,3.0,2.0,-29.0,-28,12
ID,Indonesia,West Java,,,ID-JB,,ChIJf0dSgjnmaC4Rfp2O_FSkGLw,2020-10-07,-19.0,7.0,7.0,-28.0,-26,12
ID,Indonesia,West Java,,,ID-JB,,ChIJf0dSgjnmaC4Rfp2O_FSkGLw,2020-10-08,-20.0,6.0,5.0,-27.0,-26,14
ID,Indonesia,West Java,,,ID-JB,,ChIJf0dSgjnmaC4Rfp2O_FSkGLw,2020-10-09,-22.0,1.0,-1.0,-34.0,-24,16
ID,Indonesia,West Java,,,ID-JB,,ChIJf0dSgjnmaC4Rfp2O_FSkGLw,2020-10-10,-24.0,2.0,-4.0,-31.0,-12,12
ID,Indonesia,West Java,,,ID-JB,,ChIJf0dSgjnmaC4Rfp2O_FSkGLw,2020-10-11,-22.0,3.0,6.0,-28.0,-2,10
ID,Indonesia,West Java,,,ID-JB,,ChIJf0dSgjnmaC4Rfp2O_FSkGLw,2020-10-12,-21.0,2.0,3.0,-30.0,-24,14
ID,Indonesia,West Java,,,ID-JB,,ChIJf0dSgjnmaC4Rfp2O_FSkGLw,2020-10-13,-22.0,0.0,-1.0,-32.0,-25,15
ID,Indonesia,West Java,,,ID-JB,,ChIJf0dSgjnmaC4Rfp2O_FSkGLw,2020-10-14,-18.0,4.0,4.0,-28.0,-23,14
ID,Indonesia,West Java,,,ID-JB,,ChIJf0dSgjnmaC4Rfp2O_FSkGLw,2020-10-15,-18.0,9.0,3.0,-26.0,-23,15
ID,Indonesia,West Java,,,ID-JB,,ChIJf0dSgjnmaC4Rfp2O_FSkGLw,2020-10-16,-25.0,-4.0,-6.0,-33.0,-23,17
ID,Indonesia,West Java,,,ID-JB,,ChIJf0dSgjnmaC4Rfp2O_FSkGLw,2020-10-17,-21.0,7.0,0.0,-26.0,-11,12
ID,Indonesia,West Java,,,ID-JB,,ChIJf0dSgjnmaC4Rfp2O_FSkGLw,2020-10-18,-22.0,3.0,4.0,-25.0,-3,11
ID,Indonesia,West Java,,,ID-JB,,ChIJf0dSgjnmaC4Rfp2O_FSkGLw,2020-10-19,-25.0,-2.0,-6.0,-29.0,-23,15
ID,Indonesia,West Java,,,ID-JB,,ChIJf0dSgjnmaC4Rfp2O_FSkGLw,2020-10-20,-25.0,-2.0,-8.0,-28.0,-25,15
ID,Indonesia,West Java,,,ID-JB,,ChIJf0dSgjnmaC4Rfp2O_FSkGLw,2020-10-21,-25.0,-4.0,-8.0,-28.0,-25,14
ID,Indonesia,West Java,,,ID-JB,,ChIJf0dSgjnmaC4Rfp2O_FSkGLw,2020-10-22,-19.0,7.0,-3.0,-25.0,-25,11
ID,Indonesia,West Java,,,ID-JB,,ChIJf0dSgjnmaC4Rfp2O_FSkGLw,2020-10-23,-20.0,4.0,-3.0,-29.0,-23,12
ID,Indonesia,West Java,,,ID-JB,,ChIJf0dSgjnmaC4Rfp2O_FSkGLw,2020-10-24,-23.0,2.0,-6.0,-25.0,-13,8
ID,Indonesia,West Java,,,ID-JB,,ChIJf0dSgjnmaC4Rfp2O_FSkGLw,2020-10-25,-23.0,2.0,-2.0,-23.0,-5,7
ID,Indonesia,West Java,,,ID-JB,,ChIJf0dSgjnmaC4Rfp2O_FSkGLw,2020-10-26,-23.0,0.0,-6.0,-27.0,-24,11
ID,Indonesia,West Java,,,ID-JB,,ChIJf0dSgjnmaC4Rfp2O_FSkGLw,2020-10-27,-20.0,6.0,-5.0,-18.0,-25,10
ID,Indonesia,West Java,,,ID-JB,,ChIJf0dSgjnmaC4Rfp2O_FSkGLw,2020-10-28,-5.0,21.0,21.0,-3.0,-37,10
ID,Indonesia,West Java,,,ID-JB,,ChIJf0dSgjnmaC4Rfp2O_FSkGLw,2020-10-29,2.0,22.0,50.0,-6.0,-58,14
ID,Indonesia,West Java,,,ID-JB,,ChIJf0dSgjnmaC4Rfp2O_FSkGLw,2020-10-30,-12.0,6.0,21.0,-26.0,-41,14
ID,Indonesia,West Java,,,ID-JB,,ChIJf0dSgjnmaC4Rfp2O_FSkGLw,2020-10-31,-24.0,-4.0,0.0,-19.0,-18,9
ID,Indonesia,West Java,,,ID-JB,,ChIJf0dSgjnmaC4Rfp2O_FSkGLw,2020-11-01,-19.0,5.0,3.0,-7.0,-7,6
ID,Indonesia,West Java,,,ID-JB,,ChIJf0dSgjnmaC4Rfp2O_FSkGLw,2020-11-02,-17.0,6.0,-1.0,-19.0,-24,10
ID,Indonesia,West Java,,,ID-JB,,ChIJf0dSgjnmaC4Rfp2O_FSkGLw,2020-11-03,-15.0,8.0,-1.0,-22.0,-24,10
ID,Indonesia,West Java,,,ID-JB,,ChIJf0dSgjnmaC4Rfp2O_FSkGLw,2020-11-04,-14.0,7.0,1.0,-22.0,-24,10
ID,Indonesia,West Java,,,ID-JB,,ChIJf0dSgjnmaC4Rfp2O_FSkGLw,2020-11-05,-17.0,6.0,-7.0,-24.0,-26,11
ID,Indonesia,West Java,,,ID-JB,,ChIJf0dSgjnmaC4Rfp2O_FSkGLw,2020-11-06,-16.0,4.0,-1.0,-27.0,-23,11
ID,Indonesia,West Java,,,ID-JB,,ChIJf0dSgjnmaC4Rfp2O_FSkGLw,2020-11-07,-17.0,4.0,0.0,-21.0,-14,7
ID,Indonesia,West Java,,,ID-JB,,ChIJf0dSgjnmaC4Rfp2O_FSkGLw,2020-11-08,-18.0,3.0,5.0,-20.0,-7,7
ID,Indonesia,West Java,,,ID-JB,,ChIJf0dSgjnmaC4Rfp2O_FSkGLw,2020-11-09,-19.0,2.0,-1.0,-25.0,-24,10
ID,Indonesia,West Java,,,ID-JB,,ChIJf0dSgjnmaC4Rfp2O_FSkGLw,2020-11-10,-18.0,3.0,-5.0,-26.0,-25,10
ID,Indonesia,West Java,,,ID-JB,,ChIJf0dSgjnmaC4Rfp2O_FSkGLw,2020-11-11,-15.0,7.0,0.0,-24.0,-24,10
ID,Indonesia,West Java,,,ID-JB,,ChIJf0dSgjnmaC4Rfp2O_FSkGLw,2020-11-12,-15.0,8.0,-2.0,-23.0,-24,10
ID,Indonesia,West Java,,,ID-JB,,ChIJf0dSgjnmaC4Rfp2O_FSkGLw,2020-11-13,-17.0,3.0,-2.0,-27.0,-23,11
ID,Indonesia,West Java,,,ID-JB,,ChIJf0dSgjnmaC4Rfp2O_FSkGLw,2020-11-14,-19.0,1.0,-4.0,-24.0,-13,8
ID,Indonesia,West Java,,,ID-JB,,ChIJf0dSgjnmaC4Rfp2O_FSkGLw,2020-11-15,-16.0,4.0,8.0,-19.0,-5,6
ID,Indonesia,West Java,,,ID-JB,,ChIJf0dSgjnmaC4Rfp2O_FSkGLw,2020-11-16,-19.0,1.0,-3.0,-26.0,-24,10
ID,Indonesia,West Java,,,ID-JB,,ChIJf0dSgjnmaC4Rfp2O_FSkGLw,2020-11-17,-19.0,2.0,-4.0,-26.0,-25,10
ID,Indonesia,West Java,,,ID-JB,,ChIJf0dSgjnmaC4Rfp2O_FSkGLw,2020-11-18,-17.0,4.0,-1.0,-24.0,-24,10
ID,Indonesia,West Java,,,ID-JB,,ChIJf0dSgjnmaC4Rfp2O_FSkGLw,2020-11-19,-16.0,6.0,-3.0,-24.0,-24,10
ID,Indonesia,West Java,,,ID-JB,,ChIJf0dSgjnmaC4Rfp2O_FSkGLw,2020-11-20,-18.0,1.0,-6.0,-28.0,-23,12
ID,Indonesia,West Java,,,ID-JB,,ChIJf0dSgjnmaC4Rfp2O_FSkGLw,2020-11-21,-20.0,1.0,-6.0,-25.0,-13,8
ID,Indonesia,West Java,,,ID-JB,,ChIJf0dSgjnmaC4Rfp2O_FSkGLw,2020-11-22,-20.0,-1.0,-1.0,-23.0,-7,7
ID,Indonesia,West Java,,,ID-JB,,ChIJf0dSgjnmaC4Rfp2O_FSkGLw,2020-11-23,-22.0,-4.0,-9.0,-28.0,-24,11
ID,Indonesia,West Java,,,ID-JB,,ChIJf0dSgjnmaC4Rfp2O_FSkGLw,2020-11-24,-24.0,-5.0,-13.0,-28.0,-25,11
ID,Indonesia,West Java,,,ID-JB,,ChIJf0dSgjnmaC4Rfp2O_FSkGLw,2020-11-25,-17.0,7.0,-4.0,-23.0,-24,10
ID,Indonesia,West Java,,,ID-JB,,ChIJf0dSgjnmaC4Rfp2O_FSkGLw,2020-11-26,-12.0,13.0,1.0,-21.0,-24,9
ID,Indonesia,West Java,,,ID-JB,,ChIJf0dSgjnmaC4Rfp2O_FSkGLw,2020-11-27,-17.0,3.0,-3.0,-26.0,-23,11
ID,Indonesia,West Java,,,ID-JB,,ChIJf0dSgjnmaC4Rfp2O_FSkGLw,2020-11-28,-17.0,6.0,-5.0,-21.0,-12,7
ID,Indonesia,West Java,,,ID-JB,,ChIJf0dSgjnmaC4Rfp2O_FSkGLw,2020-11-29,-17.0,4.0,2.0,-18.0,-5,7
ID,Indonesia,West Java,,,ID-JB,,ChIJf0dSgjnmaC4Rfp2O_FSkGLw,2020-11-30,-18.0,6.0,-8.0,-25.0,-23,10
ID,Indonesia,West Java,,,ID-JB,,ChIJf0dSgjnmaC4Rfp2O_FSkGLw,2020-12-01,-15.0,12.0,-6.0,-24.0,-24,10
ID,Indonesia,West Java,,,ID-JB,,ChIJf0dSgjnmaC4Rfp2O_FSkGLw,2020-12-02,-12.0,13.0,0.0,-22.0,-23,10
ID,Indonesia,West Java,,,ID-JB,,ChIJf0dSgjnmaC4Rfp2O_FSkGLw,2020-12-03,-12.0,13.0,-2.0,-23.0,-24,11
ID,Indonesia,West Java,,,ID-JB,,ChIJf0dSgjnmaC4Rfp2O_FSkGLw,2020-12-04,-16.0,5.0,-6.0,-27.0,-23,11
ID,Indonesia,West Java,,,ID-JB,,ChIJf0dSgjnmaC4Rfp2O_FSkGLw,2020-12-05,-16.0,8.0,-6.0,-22.0,-12,7
ID,Indonesia,West Java,,,ID-JB,,ChIJf0dSgjnmaC4Rfp2O_FSkGLw,2020-12-06,-26.0,-6.0,-19.0,-26.0,-10,10
ID,Indonesia,West Java,,,ID-JB,,ChIJf0dSgjnmaC4Rfp2O_FSkGLw,2020-12-07,-19.0,3.0,-6.0,-27.0,-26,11
ID,Indonesia,West Java,,,ID-JB,,ChIJf0dSgjnmaC4Rfp2O_FSkGLw,2020-12-08,-16.0,8.0,-2.0,-23.0,-24,9
ID,Indonesia,West Java,,,ID-JB,,ChIJf0dSgjnmaC4Rfp2O_FSkGLw,2020-12-09,-9.0,9.0,9.0,-29.0,-55,18
ID,Indonesia,West Java,,,ID-JB,,ChIJf0dSgjnmaC4Rfp2O_FSkGLw,2020-12-10,-14.0,11.0,0.0,-19.0,-22,12
ID,Indonesia,West Java,,,ID-JB,,ChIJf0dSgjnmaC4Rfp2O_FSkGLw,2020-12-11,-16.0,6.0,-1.0,-24.0,-21,14
ID,Indonesia,West Java,,,ID-JB,,ChIJf0dSgjnmaC4Rfp2O_FSkGLw,2020-12-12,-18.0,8.0,-2.0,-19.0,-9,10
ID,Indonesia,West Java,,,ID-JB,,ChIJf0dSgjnmaC4Rfp2O_FSkGLw,2020-12-13,-21.0,0.0,-3.0,-18.0,-1,11
ID,Indonesia,West Java,,,ID-JB,,ChIJf0dSgjnmaC4Rfp2O_FSkGLw,2020-12-14,-19.0,0.0,-2.0,-22.0,-22,14
ID,Indonesia,West Java,,,ID-JB,,ChIJf0dSgjnmaC4Rfp2O_FSkGLw,2020-12-15,-18.0,4.0,-2.0,-20.0,-23,14
ID,Indonesia,West Java,,,ID-JB,,ChIJf0dSgjnmaC4Rfp2O_FSkGLw,2020-12-16,-15.0,7.0,3.0,-18.0,-22,13
ID,Indonesia,West Java,,,ID-JB,,ChIJf0dSgjnmaC4Rfp2O_FSkGLw,2020-12-17,-13.0,11.0,5.0,-16.0,-22,13
ID,Indonesia,West Java,,,ID-JB,,ChIJf0dSgjnmaC4Rfp2O_FSkGLw,2020-12-18,-16.0,5.0,2.0,-22.0,-21,14
ID,Indonesia,West Java,,,ID-JB,,ChIJf0dSgjnmaC4Rfp2O_FSkGLw,2020-12-19,-17.0,8.0,2.0,-18.0,-7,10
ID,Indonesia,West Java,,,ID-JB,,ChIJf0dSgjnmaC4Rfp2O_FSkGLw,2020-12-20,-19.0,3.0,4.0,-16.0,0,10
ID,Indonesia,West Java,,,ID-JB,,ChIJf0dSgjnmaC4Rfp2O_FSkGLw,2020-12-21,-16.0,5.0,4.0,-20.0,-24,13
ID,Indonesia,West Java,,,ID-JB,,ChIJf0dSgjnmaC4Rfp2O_FSkGLw,2020-12-22,-15.0,7.0,5.0,-16.0,-25,13
ID,Indonesia,West Java,,,ID-JB,,ChIJf0dSgjnmaC4Rfp2O_FSkGLw,2020-12-23,-10.0,14.0,13.0,-6.0,-25,12
ID,Indonesia,West Java,,,ID-JB,,ChIJf0dSgjnmaC4Rfp2O_FSkGLw,2020-12-24,-7.0,19.0,21.0,-5.0,-42,16
ID,Indonesia,West Java,,,ID-JB,,ChIJf0dSgjnmaC4Rfp2O_FSkGLw,2020-12-25,-12.0,8.0,25.0,-27.0,-58,21
ID,Indonesia,West Java,,,ID-JB,,ChIJf0dSgjnmaC4Rfp2O_FSkGLw,2020-12-26,-20.0,4.0,8.0,-26.0,-21,12
ID,Indonesia,West Java,,,ID-JB,,ChIJf0dSgjnmaC4Rfp2O_FSkGLw,2020-12-27,-21.0,0.0,6.0,-18.0,-1,10
ID,Indonesia,West Java,,,ID-JB,,ChIJf0dSgjnmaC4Rfp2O_FSkGLw,2020-12-28,-14.0,8.0,11.0,-21.0,-29,14
ID,Indonesia,West Java,,,ID-JB,,ChIJf0dSgjnmaC4Rfp2O_FSkGLw,2020-12-29,-16.0,6.0,6.0,-20.0,-31,15
ID,Indonesia,West Java,,,ID-JB,,ChIJf0dSgjnmaC4Rfp2O_FSkGLw,2020-12-30,-10.0,15.0,15.0,-12.0,-31,14
ID,Indonesia,West Java,,,ID-JB,,ChIJf0dSgjnmaC4Rfp2O_FSkGLw,2020-12-31,0.0,37.0,41.0,-7.0,-47,14
ID,Indonesia,West Java,,,ID-JB,,ChIJf0dSgjnmaC4Rfp2O_FSkGLw,2021-01-01,-20.0,1.0,37.0,-37.0,-67,22
ID,Indonesia,West Java,,,ID-JB,,ChIJf0dSgjnmaC4Rfp2O_FSkGLw,2021-01-02,-20.0,7.0,20.0,-24.0,-29,12
ID,Indonesia,West Java,,,ID-JB,,ChIJf0dSgjnmaC4Rfp2O_FSkGLw,2021-01-03,-27.0,-4.0,6.0,-16.0,-6,11
ID,Indonesia,West Java,,,ID-JB,,ChIJf0dSgjnmaC4Rfp2O_FSkGLw,2021-01-04,-18.0,7.0,6.0,-19.0,-25,14
ID,Indonesia,West Java,,,ID-JB,,ChIJf0dSgjnmaC4Rfp2O_FSkGLw,2021-01-05,-18.0,9.0,4.0,-22.0,-25,14
ID,Indonesia,West Java,,,ID-JB,,ChIJf0dSgjnmaC4Rfp2O_FSkGLw,2021-01-06,-16.0,6.0,3.0,-24.0,-24,14
ID,Indonesia,West Java,,,ID-JB,,ChIJf0dSgjnmaC4Rfp2O_FSkGLw,2021-01-07,-13.0,12.0,6.0,-23.0,-25,14
ID,Indonesia,West Java,,,ID-JB,,ChIJf0dSgjnmaC4Rfp2O_FSkGLw,2021-01-08,-19.0,2.0,-3.0,-30.0,-23,15
ID,Indonesia,West Java,,,ID-JB,,ChIJf0dSgjnmaC4Rfp2O_FSkGLw,2021-01-09,-30.0,-8.0,-17.0,-33.0,-13,12
ID,Indonesia,West Java,,,ID-JB,,ChIJf0dSgjnmaC4Rfp2O_FSkGLw,2021-01-10,-20.0,5.0,-2.0,-25.0,-3,10
ID,Indonesia,West Java,,,ID-JB,,ChIJf0dSgjnmaC4Rfp2O_FSkGLw,2021-01-11,-20.0,1.0,-3.0,-31.0,-25,14
ID,Indonesia,West Java,,,ID-JB,,ChIJf0dSgjnmaC4Rfp2O_FSkGLw,2021-01-12,-24.0,-5.0,-11.0,-32.0,-27,15
ID,Indonesia,West Java,,,ID-JB,,ChIJf0dSgjnmaC4Rfp2O_FSkGLw,2021-01-13,-22.0,-3.0,-7.0,-32.0,-28,13
ID,Indonesia,West Java,,,ID-JB,,ChIJf0dSgjnmaC4Rfp2O_FSkGLw,2021-01-14,-25.0,-8.0,-14.0,-37.0,-33,12
ID,Indonesia,West Java,,,ID-JB,,ChIJf0dSgjnmaC4Rfp2O_FSkGLw,2021-01-15,-28.0,-14.0,-16.0,-44.0,-34,13
ID,Indonesia,West Java,,,ID-JB,,ChIJf0dSgjnmaC4Rfp2O_FSkGLw,2021-01-16,-34.0,-17.0,-25.0,-45.0,-25,10
ID,Indonesia,West Java,,,ID-JB,,ChIJf0dSgjnmaC4Rfp2O_FSkGLw,2021-01-17,-31.0,-14.0,-17.0,-42.0,-16,10
ID,Indonesia,West Java,,,ID-JB,,ChIJf0dSgjnmaC4Rfp2O_FSkGLw,2021-01-18,-31.0,-17.0,-21.0,-42.0,-34,14
ID,Indonesia,West Java,,,ID-JB,,ChIJf0dSgjnmaC4Rfp2O_FSkGLw,2021-01-19,-30.0,-15.0,-20.0,-40.0,-35,14
ID,Indonesia,West Java,,,ID-JB,,ChIJf0dSgjnmaC4Rfp2O_FSkGLw,2021-01-20,-28.0,-12.0,-19.0,-39.0,-33,15
ID,Indonesia,West Java,,,ID-JB,,ChIJf0dSgjnmaC4Rfp2O_FSkGLw,2021-01-21,-29.0,-12.0,-20.0,-39.0,-33,15
ID,Indonesia,West Java,,,ID-JB,,ChIJf0dSgjnmaC4Rfp2O_FSkGLw,2021-01-22,-29.0,-15.0,-19.0,-42.0,-31,16
ID,Indonesia,West Java,,,ID-JB,,ChIJf0dSgjnmaC4Rfp2O_FSkGLw,2021-01-23,-30.0,-11.0,-23.0,-42.0,-19,11
ID,Indonesia,West Java,,,ID-JB,,ChIJf0dSgjnmaC4Rfp2O_FSkGLw,2021-01-24,-34.0,-17.0,-25.0,-43.0,-13,13
ID,Indonesia,West Java,,,ID-JB,,ChIJf0dSgjnmaC4Rfp2O_FSkGLw,2021-01-25,-28.0,-12.0,-18.0,-38.0,-30,14
ID,Indonesia,West Java,,,ID-JB,,ChIJf0dSgjnmaC4Rfp2O_FSkGLw,2021-01-26,-27.0,-10.0,-18.0,-36.0,-31,14
ID,Indonesia,West Java,,,ID-JB,,ChIJf0dSgjnmaC4Rfp2O_FSkGLw,2021-01-27,-24.0,-6.0,-15.0,-34.0,-30,14
ID,Indonesia,West Java,,,ID-JB,,ChIJf0dSgjnmaC4Rfp2O_FSkGLw,2021-01-28,-21.0,-1.0,-14.0,-32.0,-30,13
ID,Indonesia,West Java,,,ID-JB,,ChIJf0dSgjnmaC4Rfp2O_FSkGLw,2021-01-29,-25.0,-6.0,-18.0,-36.0,-29,14
ID,Indonesia,West Java,,,ID-JB,,ChIJf0dSgjnmaC4Rfp2O_FSkGLw,2021-01-30,-28.0,-4.0,-27.0,-35.0,-18,9
ID,Indonesia,West Java,,,ID-JB,,ChIJf0dSgjnmaC4Rfp2O_FSkGLw,2021-01-31,-23.0,1.0,-20.0,-30.0,-8,8
ID,Indonesia,West Java,,,ID-JB,,ChIJf0dSgjnmaC4Rfp2O_FSkGLw,2021-02-01,-24.0,-2.0,-17.0,-33.0,-29,11
ID,Indonesia,West Java,,,ID-JB,,ChIJf0dSgjnmaC4Rfp2O_FSkGLw,2021-02-02,-22.0,2.0,-17.0,-31.0,-30,11
ID,Indonesia,West Java,,,ID-JB,,ChIJf0dSgjnmaC4Rfp2O_FSkGLw,2021-02-03,-23.0,-3.0,-18.0,-32.0,-30,12
ID,Indonesia,West Java,,,ID-JB,,ChIJf0dSgjnmaC4Rfp2O_FSkGLw,2021-02-04,-23.0,-3.0,-20.0,-31.0,-31,11
ID,Indonesia,West Java,,,ID-JB,,ChIJf0dSgjnmaC4Rfp2O_FSkGLw,2021-02-05,-20.0,1.0,-15.0,-34.0,-29,11
ID,Indonesia,West Java,,,ID-JB,,ChIJf0dSgjnmaC4Rfp2O_FSkGLw,2021-02-06,-24.0,-1.0,-22.0,-34.0,-20,8
ID,Indonesia,West Java,,,ID-JB,,ChIJf0dSgjnmaC4Rfp2O_FSkGLw,2021-02-07,-34.0,-16.0,-34.0,-38.0,-16,10
ID,Indonesia,West Java,,,ID-JB,,ChIJf0dSgjnmaC4Rfp2O_FSkGLw,2021-02-08,-25.0,-7.0,-20.0,-32.0,-32,11
ID,Indonesia,West Java,,,ID-JB,,ChIJf0dSgjnmaC4Rfp2O_FSkGLw,2021-02-09,-21.0,0.0,-16.0,-29.0,-31,10
ID,Indonesia,West Java,,,ID-JB,,ChIJf0dSgjnmaC4Rfp2O_FSkGLw,2021-02-10,-18.0,2.0,-14.0,-27.0,-29,10
ID,Indonesia,West Java,,,ID-JB,,ChIJf0dSgjnmaC4Rfp2O_FSkGLw,2021-02-11,-13.0,9.0,-7.0,-18.0,-29,8
ID,Indonesia,West Java,,,ID-JB,,ChIJf0dSgjnmaC4Rfp2O_FSkGLw,2021-02-12,-14.0,3.0,4.0,-36.0,-60,17
ID,Indonesia,West Java,,,ID-JB,,ChIJf0dSgjnmaC4Rfp2O_FSkGLw,2021-02-13,-23.0,-1.0,-11.0,-37.0,-25,8
ID,Indonesia,West Java,,,ID-JB,,ChIJf0dSgjnmaC4Rfp2O_FSkGLw,2021-02-14,-26.0,-5.0,-16.0,-30.0,-12,7
ID,Indonesia,West Java,,,ID-JB,,ChIJf0dSgjnmaC4Rfp2O_FSkGLw,2021-02-15,-22.0,-3.0,-15.0,-29.0,-29,10
ID,Indonesia,West Java,,,ID-JB,,ChIJf0dSgjnmaC4Rfp2O_FSkGLw,2021-02-16,-23.0,-3.0,-17.0,-31.0,-30,10
ID,Indonesia,West Java,,,ID-JB,,ChIJf0dSgjnmaC4Rfp2O_FSkGLw,2021-02-17,-20.0,1.0,-15.0,-29.0,-28,10
ID,Indonesia,West Java,,,ID-JB,,ChIJf0dSgjnmaC4Rfp2O_FSkGLw,2021-02-18,-26.0,-7.0,-23.0,-32.0,-29,11
ID,Indonesia,West Java,,,ID-JB,,ChIJf0dSgjnmaC4Rfp2O_FSkGLw,2021-02-19,-23.0,-2.0,-18.0,-36.0,-29,12
ID,Indonesia,West Java,,,ID-JB,,ChIJf0dSgjnmaC4Rfp2O_FSkGLw,2021-02-20,-28.0,-4.0,-24.0,-38.0,-21,9
ID,Indonesia,West Java,,,ID-JB,,ChIJf0dSgjnmaC4Rfp2O_FSkGLw,2021-02-21,-26.0,-3.0,-19.0,-35.0,-11,7
ID,Indonesia,West Java,,,ID-JB,,ChIJf0dSgjnmaC4Rfp2O_FSkGLw,2021-02-22,-23.0,-3.0,-14.0,-32.0,-28,9
ID,Indonesia,West Java,,,ID-JB,,ChIJf0dSgjnmaC4Rfp2O_FSkGLw,2021-02-23,-23.0,-2.0,-16.0,-31.0,-28,10
ID,Indonesia,West Java,,,ID-JB,,ChIJf0dSgjnmaC4Rfp2O_FSkGLw,2021-02-24,-21.0,-1.0,-15.0,-30.0,-27,10
ID,Indonesia,West Java,,,ID-JB,,ChIJf0dSgjnmaC4Rfp2O_FSkGLw,2021-02-25,-17.0,9.0,-13.0,-27.0,-27,10
ID,Indonesia,West Java,,,ID-JB,,ChIJf0dSgjnmaC4Rfp2O_FSkGLw,2021-02-26,-16.0,9.0,-12.0,-30.0,-25,10
ID,Indonesia,West Java,,,ID-JB,,ChIJf0dSgjnmaC4Rfp2O_FSkGLw,2021-02-27,-14.0,15.0,-10.0,-26.0,-14,5
ID,Indonesia,West Java,,,ID-JB,,ChIJf0dSgjnmaC4Rfp2O_FSkGLw,2021-02-28,-17.0,10.0,-8.0,-24.0,-6,5
ID,Indonesia,West Java,,,ID-JB,,ChIJf0dSgjnmaC4Rfp2O_FSkGLw,2021-03-01,-17.0,8.0,-10.0,-27.0,-26,8
ID,Indonesia,West Java,,,ID-JB,,ChIJf0dSgjnmaC4Rfp2O_FSkGLw,2021-03-02,-17.0,9.0,-12.0,-25.0,-27,9
ID,Indonesia,West Java,,,ID-JB,,ChIJf0dSgjnmaC4Rfp2O_FSkGLw,2021-03-03,-15.0,9.0,-10.0,-25.0,-26,9
ID,Indonesia,West Java,,,ID-JB,,ChIJf0dSgjnmaC4Rfp2O_FSkGLw,2021-03-04,-18.0,5.0,-13.0,-25.0,-27,9
ID,Indonesia,West Java,,,ID-JB,,ChIJf0dSgjnmaC4Rfp2O_FSkGLw,2021-03-05,-17.0,6.0,-10.0,-28.0,-25,10
ID,Indonesia,West Java,,,ID-JB,,ChIJf0dSgjnmaC4Rfp2O_FSkGLw,2021-03-06,-19.0,6.0,-14.0,-24.0,-15,6
ID,Indonesia,West Java,,,ID-JB,,ChIJf0dSgjnmaC4Rfp2O_FSkGLw,2021-03-07,-20.0,3.0,-10.0,-24.0,-10,6
ID,Indonesia,West Java,,,ID-JB,,ChIJf0dSgjnmaC4Rfp2O_FSkGLw,2021-03-08,-19.0,3.0,-13.0,-26.0,-27,9
ID,Indonesia,West Java,,,ID-JB,,ChIJf0dSgjnmaC4Rfp2O_FSkGLw,2021-03-09,-16.0,6.0,-9.0,-25.0,-27,9
ID,Indonesia,West Java,,,ID-JB,,ChIJf0dSgjnmaC4Rfp2O_FSkGLw,2021-03-10,-11.0,13.0,0.0,-15.0,-26,7
ID,Indonesia,West Java,,,ID-JB,,ChIJf0dSgjnmaC4Rfp2O_FSkGLw,2021-03-11,-2.0,18.0,17.0,-20.0,-59,15
ID,Indonesia,West Java,,,ID-JB,,ChIJf0dSgjnmaC4Rfp2O_FSkGLw,2021-03-12,-17.0,4.0,-6.0,-29.0,-28,11
ID,Indonesia,West Java,,,ID-JB,,ChIJf0dSgjnmaC4Rfp2O_FSkGLw,2021-03-13,-16.0,8.0,-3.0,-26.0,-17,6
ID,Indonesia,West Java,,,ID-JB,,ChIJf0dSgjnmaC4Rfp2O_FSkGLw,2021-03-14,-17.0,6.0,0.0,-19.0,-10,6
ID,Indonesia,West Java,,,ID-JB,,ChIJf0dSgjnmaC4Rfp2O_FSkGLw,2021-03-15,-16.0,6.0,-6.0,-23.0,-25,9
ID,Indonesia,West Java,,,ID-JB,,ChIJf0dSgjnmaC4Rfp2O_FSkGLw,2021-03-16,-21.0,1.0,-14.0,-26.0,-26,10
ID,Indonesia,West Java,,,ID-JB,,ChIJf0dSgjnmaC4Rfp2O_FSkGLw,2021-03-17,-16.0,7.0,-7.0,-24.0,-24,9
ID,Indonesia,West Java,,,ID-JB,,ChIJf0dSgjnmaC4Rfp2O_FSkGLw,2021-03-18,-18.0,4.0,-12.0,-24.0,-24,10
ID,Indonesia,West Java,,,ID-JB,,ChIJf0dSgjnmaC4Rfp2O_FSkGLw,2021-03-19,-17.0,4.0,-10.0,-28.0,-23,10
ID,Indonesia,West Java,,,ID-JB,,ChIJf0dSgjnmaC4Rfp2O_FSkGLw,2021-03-20,-16.0,9.0,-6.0,-25.0,-12,6
ID,Indonesia,West Java,,,ID-JB,,ChIJf0dSgjnmaC4Rfp2O_FSkGLw,2021-03-21,-19.0,3.0,-4.0,-24.0,-7,6
ID,Indonesia,West Java,,,ID-JB,,ChIJf0dSgjnmaC4Rfp2O_FSkGLw,2021-03-22,-19.0,2.0,-10.0,-26.0,-24,9
ID,Indonesia,West Java,,,ID-JB,,ChIJf0dSgjnmaC4Rfp2O_FSkGLw,2021-03-23,-19.0,2.0,-12.0,-26.0,-25,9
ID,Indonesia,West Java,,,ID-JB,,ChIJf0dSgjnmaC4Rfp2O_FSkGLw,2021-03-24,-18.0,3.0,-11.0,-24.0,-24,9
ID,Indonesia,West Java,,,ID-JB,,ChIJf0dSgjnmaC4Rfp2O_FSkGLw,2021-03-25,-15.0,10.0,-11.0,-21.0,-24,9
ID,Indonesia,West Java,,,ID-JB,,ChIJf0dSgjnmaC4Rfp2O_FSkGLw,2021-03-26,-12.0,11.0,-3.0,-23.0,-22,9
ID,Indonesia,West Java,,,ID-JB,,ChIJf0dSgjnmaC4Rfp2O_FSkGLw,2021-03-27,-20.0,4.0,-11.0,-23.0,-13,6
ID,Indonesia,West Java,,,ID-JB,,ChIJf0dSgjnmaC4Rfp2O_FSkGLw,2021-03-28,-14.0,11.0,-1.0,-18.0,-5,5
ID,Indonesia,West Java,,,ID-JB,,ChIJf0dSgjnmaC4Rfp2O_FSkGLw,2021-03-29,-14.0,10.0,-4.0,-22.0,-23,8
ID,Indonesia,West Java,,,ID-JB,,ChIJf0dSgjnmaC4Rfp2O_FSkGLw,2021-03-30,-17.0,5.0,-13.0,-23.0,-25,9
ID,Indonesia,West Java,,,ID-JB,,ChIJf0dSgjnmaC4Rfp2O_FSkGLw,2021-03-31,-13.0,10.0,-7.0,-17.0,-24,8
ID,Indonesia,West Java,,,ID-JB,,ChIJf0dSgjnmaC4Rfp2O_FSkGLw,2021-04-01,-1.0,30.0,5.0,2.0,-23,5
ID,Indonesia,West Java,,,ID-JB,,ChIJf0dSgjnmaC4Rfp2O_FSkGLw,2021-04-02,4.0,28.0,31.0,-6.0,-56,13
ID,Indonesia,West Java,,,ID-JB,,ChIJf0dSgjnmaC4Rfp2O_FSkGLw,2021-04-03,-12.0,14.0,7.0,-16.0,-20,6
ID,Indonesia,West Java,,,ID-JB,,ChIJf0dSgjnmaC4Rfp2O_FSkGLw,2021-04-04,-10.0,17.0,12.0,1.0,-6,2
ID,Indonesia,West Java,,,ID-JB,,ChIJf0dSgjnmaC4Rfp2O_FSkGLw,2021-04-05,-10.0,16.0,3.0,-12.0,-23,7
ID,Indonesia,West Java,,,ID-JB,,ChIJf0dSgjnmaC4Rfp2O_FSkGLw,2021-04-06,-9.0,16.0,1.0,-14.0,-24,7
ID,Indonesia,West Java,,,ID-JB,,ChIJf0dSgjnmaC4Rfp2O_FSkGLw,2021-04-07,-7.0,17.0,5.0,-12.0,-24,7
ID,Indonesia,West Java,,,ID-JB,,ChIJf0dSgjnmaC4Rfp2O_FSkGLw,2021-04-08,-3.0,22.0,9.0,-10.0,-23,6
ID,Indonesia,West Java,,,ID-JB,,ChIJf0dSgjnmaC4Rfp2O_FSkGLw,2021-04-09,-4.0,17.0,6.0,-13.0,-21,7
ID,Indonesia,West Java,,,ID-JB,,ChIJf0dSgjnmaC4Rfp2O_FSkGLw,2021-04-10,-5.0,22.0,8.0,-6.0,-11,3
ID,Indonesia,West Java,,,ID-JB,,ChIJf0dSgjnmaC4Rfp2O_FSkGLw,2021-04-11,-9.0,17.0,8.0,-3.0,-6,3
ID,Indonesia,West Java,,,ID-JB,,ChIJf0dSgjnmaC4Rfp2O_FSkGLw,2021-04-12,-2.0,29.0,12.0,-5.0,-27,6
ID,Indonesia,West Java,,,ID-JB,,ChIJf0dSgjnmaC4Rfp2O_FSkGLw,2021-04-13,-32.0,-1.0,-27.0,-32.0,-35,16
ID,Indonesia,West Java,,,ID-JB,,ChIJf0dSgjnmaC4Rfp2O_FSkGLw,2021-04-14,-25.0,2.0,-22.0,-27.0,-29,13
ID,Indonesia,West Java,,,ID-JB,,ChIJf0dSgjnmaC4Rfp2O_FSkGLw,2021-04-15,-22.0,4.0,-20.0,-25.0,-25,13
ID,Indonesia,West Java,,,ID-JB,,ChIJf0dSgjnmaC4Rfp2O_FSkGLw,2021-04-16,-18.0,8.0,-13.0,-29.0,-23,13
ID,Indonesia,West Java,,,ID-JB,,ChIJf0dSgjnmaC4Rfp2O_FSkGLw,2021-04-17,-24.0,2.0,-27.0,-34.0,-13,11
ID,Indonesia,West Java,,,ID-JB,,ChIJf0dSgjnmaC4Rfp2O_FSkGLw,2021-04-18,-25.0,1.0,-29.0,-32.0,-5,12
ID,Indonesia,West Java,,,ID-JB,,ChIJf0dSgjnmaC4Rfp2O_FSkGLw,2021-04-19,-20.0,2.0,-15.0,-27.0,-23,12
ID,Indonesia,West Java,,,ID-JB,,ChIJf0dSgjnmaC4Rfp2O_FSkGLw,2021-04-20,-16.0,10.0,-12.0,-24.0,-24,11
ID,Indonesia,West Java,,,ID-JB,,ChIJf0dSgjnmaC4Rfp2O_FSkGLw,2021-04-21,-14.0,10.0,-8.0,-24.0,-23,11
ID,Indonesia,West Java,,,ID-JB,,ChIJf0dSgjnmaC4Rfp2O_FSkGLw,2021-04-22,-14.0,11.0,-11.0,-23.0,-22,11
ID,Indonesia,West Java,,,ID-JB,,ChIJf0dSgjnmaC4Rfp2O_FSkGLw,2021-04-23,-15.0,8.0,-12.0,-27.0,-21,13
ID,Indonesia,West Java,,,ID-JB,,ChIJf0dSgjnmaC4Rfp2O_FSkGLw,2021-04-24,-16.0,10.0,-21.0,-27.0,-9,10
ID,Indonesia,West Java,,,ID-JB,,ChIJf0dSgjnmaC4Rfp2O_FSkGLw,2021-04-25,-17.0,8.0,-25.0,-27.0,-1,11
ID,Indonesia,West Java,,,ID-JB,,ChIJf0dSgjnmaC4Rfp2O_FSkGLw,2021-04-26,-13.0,10.0,-8.0,-23.0,-21,11
ID,Indonesia,West Java,,,ID-JB,,ChIJf0dSgjnmaC4Rfp2O_FSkGLw,2021-04-27,-13.0,11.0,-11.0,-22.0,-23,11
ID,Indonesia,West Java,,,ID-JB,,ChIJf0dSgjnmaC4Rfp2O_FSkGLw,2021-04-28,-11.0,12.0,-12.0,-21.0,-23,11
ID,Indonesia,West Java,,,ID-JB,,ChIJf0dSgjnmaC4Rfp2O_FSkGLw,2021-04-29,-5.0,23.0,-6.0,-16.0,-21,10
ID,Indonesia,West Java,,,ID-JB,,ChIJf0dSgjnmaC4Rfp2O_FSkGLw,2021-04-30,-3.0,25.0,-4.0,-17.0,-19,10
ID,Indonesia,West Java,,,ID-JB,,ChIJf0dSgjnmaC4Rfp2O_FSkGLw,2021-05-01,-1.0,29.0,-8.0,-13.0,-31,9
ID,Indonesia,West Java,,,ID-JB,,ChIJf0dSgjnmaC4Rfp2O_FSkGLw,2021-05-02,-3.0,26.0,-15.0,-12.0,1,7
ID,Indonesia,West Java,,,ID-JB,,ChIJf0dSgjnmaC4Rfp2O_FSkGLw,2021-05-03,2.0,30.0,4.0,-11.0,-22,8
ID,Indonesia,West Java,,,ID-JB,,ChIJf0dSgjnmaC4Rfp2O_FSkGLw,2021-05-04,2.0,33.0,3.0,-4.0,-23,8
ID,Indonesia,West Java,,,ID-JB,,ChIJf0dSgjnmaC4Rfp2O_FSkGLw,2021-05-05,3.0,32.0,4.0,-3.0,-24,8
ID,Indonesia,West Java,,,ID-JB,,ChIJf0dSgjnmaC4Rfp2O_FSkGLw,2021-05-06,3.0,34.0,2.0,-19.0,-23,10
ID,Indonesia,West Java,,,ID-JB,,ChIJf0dSgjnmaC4Rfp2O_FSkGLw,2021-05-07,5.0,33.0,6.0,-26.0,-22,10
ID,Indonesia,West Java,,,ID-JB,,ChIJf0dSgjnmaC4Rfp2O_FSkGLw,2021-05-08,-2.0,30.0,-9.0,-26.0,-13,8
ID,Indonesia,West Java,,,ID-JB,,ChIJf0dSgjnmaC4Rfp2O_FSkGLw,2021-05-09,0.0,31.0,-11.0,-24.0,0,8
ID,Indonesia,West Java,,,ID-JB,,ChIJf0dSgjnmaC4Rfp2O_FSkGLw,2021-05-10,13.0,44.0,18.0,-17.0,-33,10
ID,Indonesia,West Java,,,ID-JB,,ChIJf0dSgjnmaC4Rfp2O_FSkGLw,2021-05-11,16.0,56.0,25.0,-6.0,-39,10
ID,Indonesia,West Java,,,ID-JB,,ChIJf0dSgjnmaC4Rfp2O_FSkGLw,2021-05-12,18.0,68.0,45.0,-9.0,-63,15
ID,Indonesia,West Java,,,ID-JB,,ChIJf0dSgjnmaC4Rfp2O_FSkGLw,2021-05-13,-5.0,28.0,50.0,-30.0,-72,6
ID,Indonesia,West Java,,,ID-JB,,ChIJf0dSgjnmaC4Rfp2O_FSkGLw,2021-05-14,1.0,31.0,69.0,-29.0,-73,14
ID,Indonesia,West Java,,,ID-JB,,ChIJf0dSgjnmaC4Rfp2O_FSkGLw,2021-05-15,-6.0,26.0,58.0,-22.0,-49,7
ID,Indonesia,West Java,,,ID-JB,,ChIJf0dSgjnmaC4Rfp2O_FSkGLw,2021-05-16,-7.0,23.0,33.0,-20.0,-16,5
ID,Indonesia,West Java,,,ID-JB,,ChIJf0dSgjnmaC4Rfp2O_FSkGLw,2021-05-17,4.0,30.0,41.0,-19.0,-36,10
ID,Indonesia,West Java,,,ID-JB,,ChIJf0dSgjnmaC4Rfp2O_FSkGLw,2021-05-18,3.0,30.0,35.0,-5.0,-33,9
ID,Indonesia,West Java,,,ID-JB,,ChIJf0dSgjnmaC4Rfp2O_FSkGLw,2021-05-19,4.0,30.0,35.0,-4.0,-28,8
ID,Indonesia,West Java,,,ID-JB,,ChIJf0dSgjnmaC4Rfp2O_FSkGLw,2021-05-20,1.0,29.0,26.0,-9.0,-25,9
ID,Indonesia,West Java,,,ID-JB,,ChIJf0dSgjnmaC4Rfp2O_FSkGLw,2021-05-21,-4.0,20.0,18.0,-16.0,-22,11
ID,Indonesia,West Java,,,ID-JB,,ChIJf0dSgjnmaC4Rfp2O_FSkGLw,2021-05-22,-7.0,22.0,16.0,-10.0,-11,7
ID,Indonesia,West Java,,,ID-JB,,ChIJf0dSgjnmaC4Rfp2O_FSkGLw,2021-05-23,-6.0,23.0,21.0,-6.0,0,6
ID,Indonesia,West Java,,,ID-JB,,ChIJf0dSgjnmaC4Rfp2O_FSkGLw,2021-05-24,-7.0,16.0,12.0,-12.0,-21,9
ID,Indonesia,West Java,,,ID-JB,,ChIJf0dSgjnmaC4Rfp2O_FSkGLw,2021-05-25,1.0,30.0,20.0,-2.0,-21,8
ID,Indonesia,West Java,,,ID-JB,,ChIJf0dSgjnmaC4Rfp2O_FSkGLw,2021-05-26,15.0,37.0,55.0,-2.0,-56,15
ID,Indonesia,West Java,,,ID-JB,,ChIJf0dSgjnmaC4Rfp2O_FSkGLw,2021-05-27,4.0,32.0,19.0,-7.0,-19,8
ID,Indonesia,West Java,,,ID-JB,,ChIJf0dSgjnmaC4Rfp2O_FSkGLw,2021-05-28,3.0,28.0,17.0,-11.0,-17,9
ID,Indonesia,West Java,,,ID-JB,,ChIJf0dSgjnmaC4Rfp2O_FSkGLw,2021-05-29,-8.0,20.0,8.0,-5.0,-7,7
ID,Indonesia,West Java,,,ID-JB,,ChIJf0dSgjnmaC4Rfp2O_FSkGLw,2021-05-30,2.0,32.0,28.0,1.0,2,5
ID,Indonesia,West Java,,,ID-JB,,ChIJf0dSgjnmaC4Rfp2O_FSkGLw,2021-05-31,7.0,33.0,31.0,-3.0,-21,8
ID,Indonesia,West Java,,,ID-JB,,ChIJf0dSgjnmaC4Rfp2O_FSkGLw,2021-06-01,16.0,40.0,53.0,0.0,-58,15
ID,Indonesia,West Java,,,ID-JB,,ChIJf0dSgjnmaC4Rfp2O_FSkGLw,2021-06-02,5.0,34.0,21.0,-4.0,-19,8
ID,Indonesia,West Java,,,ID-JB,,ChIJf0dSgjnmaC4Rfp2O_FSkGLw,2021-06-03,8.0,39.0,22.0,-5.0,-18,8
ID,Indonesia,West Java,,,ID-JB,,ChIJf0dSgjnmaC4Rfp2O_FSkGLw,2021-06-04,4.0,30.0,19.0,-11.0,-16,10
ID,Indonesia,West Java,,,ID-JB,,ChIJf0dSgjnmaC4Rfp2O_FSkGLw,2021-06-05,3.0,34.0,21.0,-4.0,-6,5
ID,Indonesia,West Java,,,ID-JB,,ChIJf0dSgjnmaC4Rfp2O_FSkGLw,2021-06-06,0.0,27.0,22.0,-1.0,1,6
ID,Indonesia,West Java,,,ID-JB,,ChIJf0dSgjnmaC4Rfp2O_FSkGLw,2021-06-07,3.0,30.0,22.0,-9.0,-18,8
ID,Indonesia,West Java,,,ID-JB,,ChIJf0dSgjnmaC4Rfp2O_FSkGLw,2021-06-08,2.0,28.0,18.0,-11.0,-19,9
ID,Indonesia,West Java,,,ID-JB,,ChIJf0dSgjnmaC4Rfp2O_FSkGLw,2021-06-09,5.0,30.0,20.0,-10.0,-18,9
ID,Indonesia,West Java,,,ID-JB,,ChIJf0dSgjnmaC4Rfp2O_FSkGLw,2021-06-10,6.0,34.0,18.0,-10.0,-17,9
ID,Indonesia,West Java,,,ID-JB,,ChIJf0dSgjnmaC4Rfp2O_FSkGLw,2021-06-11,-1.0,23.0,11.0,-16.0,-16,11
ID,Indonesia,West Java,,,ID-JB,,ChIJf0dSgjnmaC4Rfp2O_FSkGLw,2021-06-12,-1.0,28.0,15.0,-11.0,-5,7
ID,Indonesia,West Java,,,ID-JB,,ChIJf0dSgjnmaC4Rfp2O_FSkGLw,2021-06-13,-3.0,24.0,19.0,-7.0,1,7
ID,Indonesia,West Java,,,ID-JB,,ChIJf0dSgjnmaC4Rfp2O_FSkGLw,2021-06-14,0.0,25.0,17.0,-13.0,-19,9
ID,Indonesia,West Java,,,ID-JB,,ChIJf0dSgjnmaC4Rfp2O_FSkGLw,2021-06-15,-4.0,21.0,11.0,-15.0,-20,10
ID,Indonesia,West Java,,,ID-JB,,ChIJf0dSgjnmaC4Rfp2O_FSkGLw,2021-06-16,-1.0,25.0,11.0,-15.0,-21,10
ID,Indonesia,West Java,,,ID-JB,,ChIJf0dSgjnmaC4Rfp2O_FSkGLw,2021-06-17,-4.0,24.0,7.0,-15.0,-21,11
ID,Indonesia,West Java,,,ID-JB,,ChIJf0dSgjnmaC4Rfp2O_FSkGLw,2021-06-18,-11.0,14.0,0.0,-24.0,-20,13
ID,Indonesia,West Java,,,ID-JB,,ChIJf0dSgjnmaC4Rfp2O_FSkGLw,2021-06-19,-17.0,15.0,-11.0,-25.0,-9,11
ID,Indonesia,West Java,,,ID-JB,,ChIJf0dSgjnmaC4Rfp2O_FSkGLw,2021-06-20,-21.0,8.0,-11.0,-27.0,-4,11
ID,Indonesia,West Java,,,ID-JB,,ChIJf0dSgjnmaC4Rfp2O_FSkGLw,2021-06-21,-12.0,17.0,0.0,-24.0,-25,13
ID,Indonesia,West Java,,,ID-JB,,ChIJf0dSgjnmaC4Rfp2O_FSkGLw,2021-06-22,-9.0,22.0,2.0,-24.0,-26,12
ID,Indonesia,West Java,,,ID-JB,,ChIJf0dSgjnmaC4Rfp2O_FSkGLw,2021-06-23,-10.0,19.0,0.0,-25.0,-27,14
ID,Indonesia,West Java,,,ID-JB,,ChIJf0dSgjnmaC4Rfp2O_FSkGLw,2021-06-24,-9.0,23.0,-2.0,-25.0,-26,14
ID,Indonesia,West Java,,,ID-JB,,ChIJf0dSgjnmaC4Rfp2O_FSkGLw,2021-06-25,-9.0,24.0,0.0,-30.0,-25,15
ID,Indonesia,West Java,,,ID-JB,,ChIJf0dSgjnmaC4Rfp2O_FSkGLw,2021-06-26,-17.0,19.0,-13.0,-32.0,-12,12
ID,Indonesia,West Java,,,ID-JB,,ChIJf0dSgjnmaC4Rfp2O_FSkGLw,2021-06-27,-22.0,12.0,-16.0,-34.0,-5,13
ID,Indonesia,West Java,,,ID-JB,,ChIJf0dSgjnmaC4Rfp2O_FSkGLw,2021-06-28,-9.0,25.0,3.0,-28.0,-29,14
ID,Indonesia,West Java,,,ID-JB,,ChIJf0dSgjnmaC4Rfp2O_FSkGLw,2021-06-29,-12.0,22.0,-2.0,-29.0,-31,15
ID,Indonesia,West Java,,,ID-JB,,ChIJf0dSgjnmaC4Rfp2O_FSkGLw,2021-06-30,-10.0,26.0,-1.0,-29.0,-32,14
ID,Indonesia,West Java,,,ID-JB,,ChIJf0dSgjnmaC4Rfp2O_FSkGLw,2021-07-01,-7.0,35.0,-2.0,-27.0,-31,16
ID,Indonesia,West Java,,,ID-JB,,ChIJf0dSgjnmaC4Rfp2O_FSkGLw,2021-07-02,-8.0,31.0,0.0,-31.0,-29,17
ID,Indonesia,West Java,,,ID-JB,,ChIJf0dSgjnmaC4Rfp2O_FSkGLw,2021-07-03,-24.0,20.0,-21.0,-40.0,-19,15
ID,Indonesia,West Java,,,ID-JB,,ChIJf0dSgjnmaC4Rfp2O_FSkGLw,2021-07-04,-29.0,13.0,-27.0,-43.0,-12,16
ID,Indonesia,West Java,,,ID-JB,,ChIJf0dSgjnmaC4Rfp2O_FSkGLw,2021-07-05,-17.0,23.0,-6.0,-37.0,-35,18
ID,Indonesia,West Java,,,ID-JB,,ChIJf0dSgjnmaC4Rfp2O_FSkGLw,2021-07-06,-18.0,22.0,-9.0,-37.0,-36,18
ID,Indonesia,West Java,,,ID-JB,,ChIJf0dSgjnmaC4Rfp2O_FSkGLw,2021-07-07,-17.0,23.0,-6.0,-38.0,-36,18
ID,Indonesia,West Java,,,ID-JB,,ChIJf0dSgjnmaC4Rfp2O_FSkGLw,2021-07-08,-17.0,23.0,-8.0,-38.0,-35,19
ID,Indonesia,West Java,,,ID-JB,,ChIJf0dSgjnmaC4Rfp2O_FSkGLw,2021-07-09,-22.0,15.0,-13.0,-45.0,-35,21
ID,Indonesia,West Java,,,ID-JB,,ChIJf0dSgjnmaC4Rfp2O_FSkGLw,2021-07-10,-30.0,11.0,-28.0,-47.0,-20,17
ID,Indonesia,West Java,,,ID-JB,,ChIJf0dSgjnmaC4Rfp2O_FSkGLw,2021-07-11,-33.0,7.0,-30.0,-47.0,-12,16
ID,Indonesia,West Java,,,ID-JB,,ChIJf0dSgjnmaC4Rfp2O_FSkGLw,2021-07-12,-20.0,15.0,-8.0,-43.0,-36,18
ID,Indonesia,West Java,,,ID-JB,,ChIJf0dSgjnmaC4Rfp2O_FSkGLw,2021-07-13,-22.0,14.0,-9.0,-42.0,-37,19
ID,Indonesia,West Java,,,ID-JB,,ChIJf0dSgjnmaC4Rfp2O_FSkGLw,2021-07-14,-18.0,17.0,-8.0,-41.0,-36,18
ID,Indonesia,West Java,,,ID-JB,,ChIJf0dSgjnmaC4Rfp2O_FSkGLw,2021-07-15,-17.0,21.0,-8.0,-40.0,-34,18
ID,Indonesia,West Java,,,ID-JB,,ChIJf0dSgjnmaC4Rfp2O_FSkGLw,2021-07-16,-21.0,14.0,-12.0,-46.0,-33,20
ID,Indonesia,West Java,,,ID-JB,,ChIJf0dSgjnmaC4Rfp2O_FSkGLw,2021-07-17,-28.0,11.0,-26.0,-46.0,-16,15
ID,Indonesia,West Java,,,ID-JB,,ChIJf0dSgjnmaC4Rfp2O_FSkGLw,2021-07-18,-31.0,8.0,-28.0,-48.0,-7,16
ID,Indonesia,West Java,,,ID-JB,,ChIJf0dSgjnmaC4Rfp2O_FSkGLw,2021-07-19,-13.0,25.0,0.0,-39.0,-40,17
ID,Indonesia,West Java,,,ID-JB,,ChIJf0dSgjnmaC4Rfp2O_FSkGLw,2021-07-20,-32.0,-3.0,-11.0,-56.0,-74,25
ID,Indonesia,West Java,,,ID-JB,,ChIJf0dSgjnmaC4Rfp2O_FSkGLw,2021-07-21,-17.0,19.0,-4.0,-37.0,-34,15
ID,Indonesia,West Java,,,ID-JB,,ChIJf0dSgjnmaC4Rfp2O_FSkGLw,2021-07-22,-21.0,23.0,-5.0,-35.0,-32,16
ID,Indonesia,West Java,,,ID-JB,,ChIJf0dSgjnmaC4Rfp2O_FSkGLw,2021-07-23,-27.0,12.0,-14.0,-43.0,-30,18
ID,Indonesia,West Java,,,ID-JB,,ChIJf0dSgjnmaC4Rfp2O_FSkGLw,2021-07-24,-31.0,15.0,-23.0,-43.0,-14,14
ID,Indonesia,West Java,,,ID-JB,,ChIJf0dSgjnmaC4Rfp2O_FSkGLw,2021-07-25,-30.0,16.0,-20.0,-41.0,-6,13
ID,Indonesia,West Java,,,ID-JB,,ChIJf0dSgjnmaC4Rfp2O_FSkGLw,2021-07-26,-20.0,20.0,-3.0,-35.0,-29,15
ID,Indonesia,West Java,,,ID-JB,,ChIJf0dSgjnmaC4Rfp2O_FSkGLw,2021-07-27,-20.0,20.0,-5.0,-35.0,-30,15
ID,Indonesia,West Java,,,ID-JB,,ChIJf0dSgjnmaC4Rfp2O_FSkGLw,2021-07-28,-16.0,24.0,-1.0,-33.0,-29,15
ID,Indonesia,West Java,,,ID-JB,,ChIJf0dSgjnmaC4Rfp2O_FSkGLw,2021-07-29,-15.0,26.0,-2.0,-33.0,-28,15
ID,Indonesia,West Java,,,ID-JB,,ChIJf0dSgjnmaC4Rfp2O_FSkGLw,2021-07-30,-18.0,21.0,-6.0,-38.0,-26,16
ID,Indonesia,West Java,,,ID-JB,,ChIJf0dSgjnmaC4Rfp2O_FSkGLw,2021-07-31,-23.0,20.0,-17.0,-38.0,-10,12
ID,Indonesia,West Java,,,ID-JB,,ChIJf0dSgjnmaC4Rfp2O_FSkGLw,2021-08-01,-24.0,20.0,-16.0,-36.0,-6,11
ID,Indonesia,West Java,,,ID-JB,,ChIJf0dSgjnmaC4Rfp2O_FSkGLw,2021-08-02,-13.0,27.0,1.0,-32.0,-26,13
ID,Indonesia,West Java,,,ID-JB,,ChIJf0dSgjnmaC4Rfp2O_FSkGLw,2021-08-03,-14.0,26.0,-3.0,-30.0,-27,13
ID,Indonesia,West Java,,,ID-JB,,ChIJf0dSgjnmaC4Rfp2O_FSkGLw,2021-08-04,-12.0,26.0,1.0,-29.0,-26,13
ID,Indonesia,West Java,,,ID-JB,,ChIJf0dSgjnmaC4Rfp2O_FSkGLw,2021-08-05,-11.0,28.0,-2.0,-30.0,-25,13
ID,Indonesia,West Java,,,ID-JB,,ChIJf0dSgjnmaC4Rfp2O_FSkGLw,2021-08-06,-11.0,25.0,0.0,-32.0,-24,14
ID,Indonesia,West Java,,,ID-JB,,ChIJf0dSgjnmaC4Rfp2O_FSkGLw,2021-08-07,-17.0,25.0,-9.0,-31.0,-10,10
ID,Indonesia,West Java,,,ID-JB,,ChIJf0dSgjnmaC4Rfp2O_FSkGLw,2021-08-08,-19.0,21.0,-7.0,-31.0,-4,10
ID,Indonesia,West Java,,,ID-JB,,ChIJf0dSgjnmaC4Rfp2O_FSkGLw,2021-08-09,-13.0,22.0,2.0,-31.0,-26,13
ID,Indonesia,West Java,,,ID-JB,,ChIJf0dSgjnmaC4Rfp2O_FSkGLw,2021-08-10,-12.0,24.0,3.0,-28.0,-29,13
ID,Indonesia,West Java,,,ID-JB,,ChIJf0dSgjnmaC4Rfp2O_FSkGLw,2021-08-11,0.0,33.0,22.0,-32.0,-56,18
ID,Indonesia,West Java,,,ID-JB,,ChIJf0dSgjnmaC4Rfp2O_FSkGLw,2021-08-12,-7.0,27.0,3.0,-27.0,-22,12
ID,Indonesia,West Java,,,ID-JB,,ChIJf0dSgjnmaC4Rfp2O_FSkGLw,2021-08-13,-12.0,19.0,-2.0,-33.0,-22,14
ID,Indonesia,West Java,,,ID-JB,,ChIJf0dSgjnmaC4Rfp2O_FSkGLw,2021-08-14,-16.0,19.0,-8.0,-30.0,-6,10
ID,Indonesia,West Java,,,ID-JB,,ChIJf0dSgjnmaC4Rfp2O_FSkGLw,2021-08-15,-17.0,18.0,-3.0,-31.0,0,10
ID,Indonesia,West Java,,,ID-JB,,ChIJf0dSgjnmaC4Rfp2O_FSkGLw,2021-08-16,-5.0,25.0,13.0,-28.0,-27,11
ID,Indonesia,West Java,,,ID-JB,,ChIJf0dSgjnmaC4Rfp2O_FSkGLw,2021-08-17,-9.0,19.0,28.0,-35.0,-66,20
ID,Indonesia,West Java,,,ID-JB,,ChIJf0dSgjnmaC4Rfp2O_FSkGLw,2021-08-18,-10.0,20.0,1.0,-27.0,-22,12
ID,Indonesia,West Java,,,ID-JB,,ChIJf0dSgjnmaC4Rfp2O_FSkGLw,2021-08-19,-10.0,19.0,-3.0,-29.0,-21,13
ID,Indonesia,West Java,,,ID-JB,,ChIJf0dSgjnmaC4Rfp2O_FSkGLw,2021-08-20,-9.0,19.0,0.0,-32.0,-19,13
ID,Indonesia,West Java,,,ID-JB,,ChIJf0dSgjnmaC4Rfp2O_FSkGLw,2021-08-21,-15.0,17.0,-9.0,-31.0,-5,10
ID,Indonesia,West Java,,,ID-JB,,ChIJf0dSgjnmaC4Rfp2O_FSkGLw,2021-08-22,-15.0,17.0,-2.0,-29.0,1,9
ID,Indonesia,West Java,,,ID-JB,,ChIJf0dSgjnmaC4Rfp2O_FSkGLw,2021-08-23,-10.0,17.0,3.0,-30.0,-21,11
ID,Indonesia,West Java,,,ID-JB,,ChIJf0dSgjnmaC4Rfp2O_FSkGLw,2021-08-24,-11.0,17.0,0.0,-28.0,-22,12
ID,Indonesia,West Java,,,ID-JB,,ChIJf0dSgjnmaC4Rfp2O_FSkGLw,2021-08-25,-3.0,27.0,6.0,-25.0,-21,11
ID,Indonesia,West Java,,,ID-JB,,ChIJf0dSgjnmaC4Rfp2O_FSkGLw,2021-08-26,0.0,29.0,6.0,-24.0,-20,11
ID,Indonesia,West Java,,,ID-JB,,ChIJf0dSgjnmaC4Rfp2O_FSkGLw,2021-08-27,-2.0,24.0,5.0,-27.0,-18,12
ID,Indonesia,West Java,,,ID-JB,,ChIJf0dSgjnmaC4Rfp2O_FSkGLw,2021-08-28,-4.0,27.0,6.0,-22.0,-4,7
ID,Indonesia,West Java,,,ID-JB,,ChIJf0dSgjnmaC4Rfp2O_FSkGLw,2021-08-29,-7.0,22.0,8.0,-20.0,2,8
ID,Indonesia,West Java,,,ID-JB,,ChIJf0dSgjnmaC4Rfp2O_FSkGLw,2021-08-30,-2.0,22.0,6.0,-25.0,-20,10
ID,Indonesia,West Java,,,ID-JB,,ChIJf0dSgjnmaC4Rfp2O_FSkGLw,2021-08-31,-2.0,27.0,3.0,-23.0,-20,10
ID,Indonesia,West Java,,,ID-JB,,ChIJf0dSgjnmaC4Rfp2O_FSkGLw,2021-09-01,4.0,36.0,11.0,-20.0,-20,9
ID,Indonesia,West Java,,,ID-JB,,ChIJf0dSgjnmaC4Rfp2O_FSkGLw,2021-09-02,8.0,37.0,11.0,-18.0,-18,9
ID,Indonesia,West Java,,,ID-JB,,ChIJf0dSgjnmaC4Rfp2O_FSkGLw,2021-09-03,4.0,29.0,9.0,-21.0,-17,11
ID,Indonesia,West Java,,,ID-JB,,ChIJf0dSgjnmaC4Rfp2O_FSkGLw,2021-09-04,1.0,31.0,14.0,-16.0,-5,7
ID,Indonesia,West Java,,,ID-JB,,ChIJf0dSgjnmaC4Rfp2O_FSkGLw,2021-09-05,1.0,31.0,21.0,-12.0,0,6
ID,Indonesia,West Java,,,ID-JB,,ChIJf0dSgjnmaC4Rfp2O_FSkGLw,2021-09-06,1.0,24.0,7.0,-21.0,-19,10
ID,Indonesia,West Java,,,ID-JB,,ChIJf0dSgjnmaC4Rfp2O_FSkGLw,2021-09-07,0.0,24.0,5.0,-21.0,-19,10
ID,Indonesia,West Java,,,ID-JB,,ChIJf0dSgjnmaC4Rfp2O_FSkGLw,2021-09-08,2.0,25.0,9.0,-20.0,-18,10
ID,Indonesia,West Java,,,ID-JB,,ChIJf0dSgjnmaC4Rfp2O_FSkGLw,2021-09-09,6.0,32.0,11.0,-17.0,-17,9
ID,Indonesia,West Java,,,ID-JB,,ChIJf0dSgjnmaC4Rfp2O_FSkGLw,2021-09-10,4.0,26.0,9.0,-20.0,-15,10
ID,Indonesia,West Java,,,ID-JB,,ChIJf0dSgjnmaC4Rfp2O_FSkGLw,2021-09-11,0.0,27.0,12.0,-16.0,-4,7
ID,Indonesia,West Java,,,ID-JB,,ChIJf0dSgjnmaC4Rfp2O_FSkGLw,2021-09-12,-1.0,24.0,17.0,-14.0,1,7
ID,Indonesia,West Java,,,ID-JB,,ChIJf0dSgjnmaC4Rfp2O_FSkGLw,2021-09-13,1.0,22.0,9.0,-19.0,-18,9
ID,Indonesia,West Java,,,ID-JB,,ChIJf0dSgjnmaC4Rfp2O_FSkGLw,2021-09-14,-8.0,12.0,-8.0,-23.0,-22,12
ID,Indonesia,West Java,,,ID-JB,,ChIJf0dSgjnmaC4Rfp2O_FSkGLw,2021-09-15,5.0,28.0,10.0,-17.0,-18,9
ID,Indonesia,West Java,,,ID-JB,,ChIJf0dSgjnmaC4Rfp2O_FSkGLw,2021-09-16,6.0,30.0,10.0,-16.0,-18,9
ID,Indonesia,West Java,,,ID-JB,,ChIJf0dSgjnmaC4Rfp2O_FSkGLw,2021-09-17,4.0,24.0,10.0,-19.0,-16,10
ID,Indonesia,West Java,,,ID-JB,,ChIJf0dSgjnmaC4Rfp2O_FSkGLw,2021-09-18,0.0,26.0,13.0,-17.0,-4,7
ID,Indonesia,West Java,,,ID-JB,,ChIJf0dSgjnmaC4Rfp2O_FSkGLw,2021-09-19,-4.0,20.0,16.0,-17.0,0,8
ID,Indonesia,West Java,,,ID-JB,,ChIJf0dSgjnmaC4Rfp2O_FSkGLw,2021-09-20,1.0,23.0,7.0,-20.0,-17,9
ID,Indonesia,West Java,,,ID-JB,,ChIJf0dSgjnmaC4Rfp2O_FSkGLw,2021-09-21,-2.0,19.0,2.0,-20.0,-18,10
ID,Indonesia,West Java,,,ID-JB,,ChIJf0dSgjnmaC4Rfp2O_FSkGLw,2021-09-22,5.0,25.0,10.0,-18.0,-15,9
ID,Indonesia,West Java,,,ID-JB,,ChIJf0dSgjnmaC4Rfp2O_FSkGLw,2021-09-23,5.0,26.0,8.0,-16.0,-14,9
ID,Indonesia,West Java,,,ID-JB,,ChIJf0dSgjnmaC4Rfp2O_FSkGLw,2021-09-24,5.0,25.0,9.0,-18.0,-13,10
ID,Indonesia,West Java,,,ID-JB,,ChIJf0dSgjnmaC4Rfp2O_FSkGLw,2021-09-25,2.0,28.0,13.0,-13.0,-2,6
ID,Indonesia,West Java,,,ID-JB,,ChIJf0dSgjnmaC4Rfp2O_FSkGLw,2021-09-26,0.0,23.0,17.0,-12.0,2,7
ID,Indonesia,West Java,,,ID-JB,,ChIJf0dSgjnmaC4Rfp2O_FSkGLw,2021-09-27,3.0,23.0,9.0,-17.0,-15,9
ID,Indonesia,West Java,,,ID-JB,,ChIJf0dSgjnmaC4Rfp2O_FSkGLw,2021-09-28,5.0,27.0,10.0,-16.0,-15,8
ID,Indonesia,West Java,,,ID-JB,,ChIJf0dSgjnmaC4Rfp2O_FSkGLw,2021-09-29,8.0,28.0,14.0,-14.0,-14,8
ID,Indonesia,West Java,,,ID-JB,,ChIJf0dSgjnmaC4Rfp2O_FSkGLw,2021-09-30,10.0,36.0,12.0,-11.0,-13,8
ID,Indonesia,West Java,,,ID-JB,,ChIJf0dSgjnmaC4Rfp2O_FSkGLw,2021-10-01,12.0,37.0,15.0,-12.0,-12,9
ID,Indonesia,West Java,,,ID-JB,,ChIJf0dSgjnmaC4Rfp2O_FSkGLw,2021-10-02,10.0,39.0,24.0,-4.0,-3,5
ID,Indonesia,West Java,,,ID-JB,,ChIJf0dSgjnmaC4Rfp2O_FSkGLw,2021-10-03,9.0,35.0,31.0,-1.0,0,5
ID,Indonesia,West Java,,,ID-JB,,ChIJf0dSgjnmaC4Rfp2O_FSkGLw,2021-10-04,4.0,25.0,8.0,-12.0,-14,9
ID,Indonesia,West Java,,,ID-JB,,ChIJf0dSgjnmaC4Rfp2O_FSkGLw,2021-10-05,9.0,33.0,12.0,-13.0,-15,8
ID,Indonesia,West Java,,,ID-JB,,ChIJf0dSgjnmaC4Rfp2O_FSkGLw,2021-10-06,12.0,33.0,18.0,-10.0,-13,8
ID,Indonesia,West Java,,,ID-JB,,ChIJf0dSgjnmaC4Rfp2O_FSkGLw,2021-10-07,14.0,36.0,18.0,-9.0,-12,8
ID,Indonesia,West Java,,,ID-JB,,ChIJf0dSgjnmaC4Rfp2O_FSkGLw,2021-10-08,10.0,29.0,17.0,-11.0,-11,9
ID,Indonesia,West Java,,,ID-JB,,ChIJf0dSgjnmaC4Rfp2O_FSkGLw,2021-10-09,10.0,34.0,25.0,-4.0,-2,5
ID,Indonesia,West Java,,,ID-JB,,ChIJf0dSgjnmaC4Rfp2O_FSkGLw,2021-10-10,10.0,33.0,32.0,-1.0,1,5
ID,Indonesia,West Java,,,ID-JB,,ChIJf0dSgjnmaC4Rfp2O_FSkGLw,2021-10-11,6.0,25.0,13.0,-12.0,-12,9
ID,Indonesia,West Java,,,ID-JB,,ChIJf0dSgjnmaC4Rfp2O_FSkGLw,2021-10-12,8.0,28.0,14.0,-12.0,-13,8
ID,Indonesia,West Java,,,ID-JB,,ChIJf0dSgjnmaC4Rfp2O_FSkGLw,2021-10-13,11.0,29.0,17.0,-11.0,-12,8
ID,Indonesia,West Java,,,ID-JB,,ChIJf0dSgjnmaC4Rfp2O_FSkGLw,2021-10-14,12.0,32.0,16.0,-9.0,-11,8
ID,Indonesia,West Java,,,ID-JB,,ChIJf0dSgjnmaC4Rfp2O_FSkGLw,2021-10-15,7.0,27.0,15.0,-9.0,-10,9
ID,Indonesia,West Java,,,ID-JB,,ChIJf0dSgjnmaC4Rfp2O_FSkGLw,2021-10-16,5.0,28.0,20.0,-3.0,-2,6
ID,Indonesia,West Java,,,ID-JB,,ChIJf0dSgjnmaC4Rfp2O_FSkGLw,2021-10-17,4.0,26.0,26.0,-4.0,1,6
ID,Indonesia,West Java,,,ID-JB,,ChIJf0dSgjnmaC4Rfp2O_FSkGLw,2021-10-18,-5.0,13.0,4.0,-14.0,-16,11
ID,Indonesia,West Java,,,ID-JB,,ChIJf0dSgjnmaC4Rfp2O_FSkGLw,2021-10-19,5.0,25.0,15.0,-7.0,-17,8
ID,Indonesia,West Java,,,ID-JB,,ChIJf0dSgjnmaC4Rfp2O_FSkGLw,2021-10-20,22.0,36.0,51.0,-8.0,-54,16
ID,Indonesia,West Java,,,ID-JB,,ChIJf0dSgjnmaC4Rfp2O_FSkGLw,2021-10-21,8.0,29.0,14.0,-8.0,-11,8
ID,Indonesia,West Java,,,ID-JB,,ChIJf0dSgjnmaC4Rfp2O_FSkGLw,2021-10-22,5.0,23.0,12.0,-14.0,-10,9
ID,Indonesia,West Java,,,ID-JB,,ChIJf0dSgjnmaC4Rfp2O_FSkGLw,2021-10-23,5.0,26.0,18.0,-10.0,0,6
ID,Indonesia,West Java,,,ID-JB,,ChIJf0dSgjnmaC4Rfp2O_FSkGLw,2021-10-24,3.0,23.0,21.0,-7.0,2,7
ID,Indonesia,West Java,,,ID-JB,,ChIJf0dSgjnmaC4Rfp2O_FSkGLw,2021-10-25,6.0,26.0,14.0,-11.0,-11,8
ID,Indonesia,West Java,,,ID-JB,,ChIJf0dSgjnmaC4Rfp2O_FSkGLw,2021-10-26,7.0,27.0,12.0,-10.0,-12,8
ID,Indonesia,West Java,,,ID-JB,,ChIJf0dSgjnmaC4Rfp2O_FSkGLw,2021-10-27,4.0,22.0,9.0,-11.0,-11,9
ID,Indonesia,West Java,,,ID-JB,,ChIJf0dSgjnmaC4Rfp2O_FSkGLw,2021-10-28,12.0,37.0,13.0,-6.0,-10,8
ID,Indonesia,West Java,,,ID-JB,,ChIJf0dSgjnmaC4Rfp2O_FSkGLw,2021-10-29,10.0,31.0,13.0,-7.0,-8,8
ID,Indonesia,West Java,,,ID-JB,,ChIJf0dSgjnmaC4Rfp2O_FSkGLw,2021-10-30,6.0,31.0,15.0,-3.0,0,6
ID,Indonesia,West Java,,,ID-JB,,ChIJf0dSgjnmaC4Rfp2O_FSkGLw,2021-10-31,7.0,30.0,18.0,1.0,3,6
ID,Indonesia,West Java,,,ID-JB,,ChIJf0dSgjnmaC4Rfp2O_FSkGLw,2021-11-01,4.0,27.0,6.0,-8.0,-11,8
ID,Indonesia,West Java,,,ID-JB,,ChIJf0dSgjnmaC4Rfp2O_FSkGLw,2021-11-02,5.0,28.0,5.0,-8.0,-12,8
ID,Indonesia,West Java,,,ID-JB,,ChIJf0dSgjnmaC4Rfp2O_FSkGLw,2021-11-03,15.0,38.0,19.0,-5.0,-10,7
ID,Indonesia,West Java,,,ID-JB,,ChIJf0dSgjnmaC4Rfp2O_FSkGLw,2021-11-04,12.0,34.0,12.0,-4.0,-9,8
ID,Indonesia,West Java,,,ID-JB,,ChIJf0dSgjnmaC4Rfp2O_FSkGLw,2021-11-05,12.0,32.0,15.0,-5.0,-8,9
ID,Indonesia,West Java,,,ID-JB,,ChIJf0dSgjnmaC4Rfp2O_FSkGLw,2021-11-06,10.0,34.0,19.0,0.0,-2,5
ID,Indonesia,West Java,,,ID-JB,,ChIJf0dSgjnmaC4Rfp2O_FSkGLw,2021-11-07,0.0,19.0,10.0,-2.0,-3,8
ID,Indonesia,West Java,,,ID-JB,,ChIJf0dSgjnmaC4Rfp2O_FSkGLw,2021-11-08,13.0,35.0,20.0,-4.0,-10,7
ID,Indonesia,West Java,,,ID-JB,,ChIJf0dSgjnmaC4Rfp2O_FSkGLw,2021-11-09,5.0,24.0,7.0,-8.0,-11,8
ID,Indonesia,West Java,,,ID-JB,,ChIJf0dSgjnmaC4Rfp2O_FSkGLw,2021-11-10,9.0,28.0,12.0,-5.0,-10,8
ID,Indonesia,West Java,,,ID-JB,,ChIJf0dSgjnmaC4Rfp2O_FSkGLw,2021-11-11,16.0,39.0,16.0,-3.0,-9,7
ID,Indonesia,West Java,,,ID-JB,,ChIJf0dSgjnmaC4Rfp2O_FSkGLw,2021-11-12,4.0,19.0,8.0,-9.0,-8,10
ID,Indonesia,West Java,,,ID-JB,,ChIJf0dSgjnmaC4Rfp2O_FSkGLw,2021-11-13,4.0,26.0,8.0,-4.0,-1,7
ID,Indonesia,West Java,,,ID-JB,,ChIJf0dSgjnmaC4Rfp2O_FSkGLw,2021-11-14,8.0,27.0,16.0,0.0,1,7
ID,Indonesia,West Java,,,ID-JB,,ChIJf0dSgjnmaC4Rfp2O_FSkGLw,2021-11-15,6.0,24.0,9.0,-7.0,-10,8
ID,Indonesia,West Java,,,ID-JB,,ChIJf0dSgjnmaC4Rfp2O_FSkGLw,2021-11-16,8.0,26.0,9.0,-7.0,-10,8
ID,Indonesia,West Java,,,ID-JB,,ChIJf0dSgjnmaC4Rfp2O_FSkGLw,2021-11-17,9.0,26.0,12.0,-6.0,-9,8
ID,Indonesia,West Java,,,ID-JB,,ChIJf0dSgjnmaC4Rfp2O_FSkGLw,2021-11-18,13.0,32.0,15.0,-4.0,-8,8
ID,Indonesia,West Java,,,ID-JB,,ChIJf0dSgjnmaC4Rfp2O_FSkGLw,2021-11-19,4.0,20.0,5.0,-8.0,-7,10
ID,Indonesia,West Java,,,ID-JB,,ChIJf0dSgjnmaC4Rfp2O_FSkGLw,2021-11-20,6.0,28.0,12.0,-5.0,0,7
ID,Indonesia,West Java,,,ID-JB,,ChIJf0dSgjnmaC4Rfp2O_FSkGLw,2021-11-21,8.0,28.0,18.0,-1.0,1,7
ID,Indonesia,West Java,,,ID-JB,,ChIJf0dSgjnmaC4Rfp2O_FSkGLw,2021-11-22,7.0,25.0,12.0,-8.0,-9,8
ID,Indonesia,West Java,,,ID-JB,,ChIJf0dSgjnmaC4Rfp2O_FSkGLw,2021-11-23,5.0,23.0,9.0,-8.0,-10,9
ID,Indonesia,West Java,,,ID-JB,,ChIJf0dSgjnmaC4Rfp2O_FSkGLw,2021-11-24,11.0,29.0,17.0,-5.0,-8,8
ID,Indonesia,West Java,,,ID-JB,,ChIJf0dSgjnmaC4Rfp2O_FSkGLw,2021-11-25,11.0,33.0,14.0,-2.0,-8,8
ID,Indonesia,West Java,,,ID-JB,,ChIJf0dSgjnmaC4Rfp2O_FSkGLw,2021-11-26,4.0,21.0,6.0,-6.0,-7,10
ID,Indonesia,West Java,,,ID-JB,,ChIJf0dSgjnmaC4Rfp2O_FSkGLw,2021-11-27,3.0,26.0,5.0,-1.0,0,6
ID,Indonesia,West Java,,,ID-JB,,ChIJf0dSgjnmaC4Rfp2O_FSkGLw,2021-11-28,6.0,29.0,11.0,2.0,1,7
ID,Indonesia,West Java,,,ID-JB,,ChIJf0dSgjnmaC4Rfp2O_FSkGLw,2021-11-29,10.0,31.0,15.0,-4.0,-9,8
ID,Indonesia,West Java,,,ID-JB,,ChIJf0dSgjnmaC4Rfp2O_FSkGLw,2021-11-30,10.0,34.0,11.0,-3.0,-9,8
ID,Indonesia,West Java,,,ID-JB,,ChIJf0dSgjnmaC4Rfp2O_FSkGLw,2021-12-01,18.0,44.0,20.0,1.0,-8,7
ID,Indonesia,West Java,,,ID-JB,,ChIJf0dSgjnmaC4Rfp2O_FSkGLw,2021-12-02,19.0,45.0,21.0,1.0,-7,7
ID,Indonesia,West Java,,,ID-JB,,ChIJf0dSgjnmaC4Rfp2O_FSkGLw,2021-12-03,17.0,39.0,22.0,-1.0,-6,8
ID,Indonesia,West Java,,,ID-JB,,ChIJf0dSgjnmaC4Rfp2O_FSkGLw,2021-12-04,6.0,30.0,8.0,1.0,-1,7
ID,Indonesia,West Java,,,ID-JB,,ChIJf0dSgjnmaC4Rfp2O_FSkGLw,2021-12-05,12.0,36.0,19.0,6.0,0,6
ID,Indonesia,West Java,,,ID-JB,,ChIJf0dSgjnmaC4Rfp2O_FSkGLw,2021-12-06,7.0,25.0,12.0,-6.0,-9,8
ID,Indonesia,West Java,,,ID-JB,,ChIJf0dSgjnmaC4Rfp2O_FSkGLw,2021-12-07,6.0,29.0,7.0,-7.0,-10,10
ID,Indonesia,West Java,,,ID-JB,,ChIJf0dSgjnmaC4Rfp2O_FSkGLw,2021-12-08,16.0,36.0,20.0,-1.0,-5,7
ID,Indonesia,West Java,,,ID-JB,,ChIJf0dSgjnmaC4Rfp2O_FSkGLw,2021-12-09,14.0,34.0,14.0,-1.0,-4,8
ID,Indonesia,West Java,,,ID-JB,,ChIJf0dSgjnmaC4Rfp2O_FSkGLw,2021-12-10,12.0,30.0,13.0,-2.0,-2,8
ID,Indonesia,West Java,,,ID-JB,,ChIJf0dSgjnmaC4Rfp2O_FSkGLw,2021-12-11,5.0,28.0,9.0,2.0,7,6
ID,Indonesia,West Java,,,ID-JB,,ChIJf0dSgjnmaC4Rfp2O_FSkGLw,2021-12-12,11.0,34.0,19.0,7.0,9,5
ID,Indonesia,West Java,,,ID-JB,,ChIJf0dSgjnmaC4Rfp2O_FSkGLw,2021-12-13,12.0,31.0,18.0,-1.0,-4,7
ID,Indonesia,West Java,,,ID-JB,,ChIJf0dSgjnmaC4Rfp2O_FSkGLw,2021-12-14,11.0,31.0,16.0,-2.0,-5,7
ID,Indonesia,West Java,,,ID-JB,,ChIJf0dSgjnmaC4Rfp2O_FSkGLw,2021-12-15,15.0,30.0,19.0,1.0,-5,7
ID,Indonesia,West Java,,,ID-JB,,ChIJf0dSgjnmaC4Rfp2O_FSkGLw,2021-12-16,12.0,29.0,12.0,4.0,-4,8
ID,Indonesia,West Java,,,ID-JB,,ChIJf0dSgjnmaC4Rfp2O_FSkGLw,2021-12-17,13.0,30.0,15.0,1.0,-3,8
ID,Indonesia,West Java,,,ID-JB,,ChIJf0dSgjnmaC4Rfp2O_FSkGLw,2021-12-18,11.0,31.0,18.0,8.0,7,5
ID,Indonesia,West Java,,,ID-JB,,ChIJf0dSgjnmaC4Rfp2O_FSkGLw,2021-12-19,14.0,33.0,25.0,11.0,10,4
ID,Indonesia,West Java,,,ID-JB,,ChIJf0dSgjnmaC4Rfp2O_FSkGLw,2021-12-20,9.0,24.0,14.0,-1.0,-6,8
ID,Indonesia,West Java,,,ID-JB,,ChIJf0dSgjnmaC4Rfp2O_FSkGLw,2021-12-21,12.0,31.0,14.0,2.0,-8,8
ID,Indonesia,West Java,,,ID-JB,,ChIJf0dSgjnmaC4Rfp2O_FSkGLw,2021-12-22,17.0,33.0,22.0,4.0,-7,7
ID,Indonesia,West Java,,,ID-JB,,ChIJf0dSgjnmaC4Rfp2O_FSkGLw,2021-12-23,15.0,34.0,16.0,6.0,-6,7
ID,Indonesia,West Java,,,ID-JB,,ChIJf0dSgjnmaC4Rfp2O_FSkGLw,2021-12-24,18.0,39.0,20.0,2.0,-10,8
ID,Indonesia,West Java,,,ID-JB,,ChIJf0dSgjnmaC4Rfp2O_FSkGLw,2021-12-25,9.0,29.0,19.0,-5.0,-26,9
ID,Indonesia,West Java,,,ID-JB,,ChIJf0dSgjnmaC4Rfp2O_FSkGLw,2021-12-26,12.0,33.0,24.0,0.0,9,5
ID,Indonesia,West Java,,,ID-JB,,ChIJf0dSgjnmaC4Rfp2O_FSkGLw,2021-12-27,12.0,28.0,20.0,-2.0,-14,9
ID,Indonesia,West Java,,,ID-JB,,ChIJf0dSgjnmaC4Rfp2O_FSkGLw,2021-12-28,15.0,35.0,23.0,2.0,-14,8
ID,Indonesia,West Java,,,ID-JB,,ChIJf0dSgjnmaC4Rfp2O_FSkGLw,2021-12-29,18.0,37.0,29.0,3.0,-14,8
ID,Indonesia,West Java,,,ID-JB,,ChIJf0dSgjnmaC4Rfp2O_FSkGLw,2021-12-30,25.0,48.0,34.0,12.0,-15,7
ID,Indonesia,West Java,,,ID-JB,,ChIJf0dSgjnmaC4Rfp2O_FSkGLw,2021-12-31,34.0,68.0,69.0,11.0,-23,6
ID,Indonesia,West Java,,,ID-JB,,ChIJf0dSgjnmaC4Rfp2O_FSkGLw,2022-01-01,12.0,36.0,72.0,-3.0,-45,7
ID,Indonesia,West Java,,,ID-JB,,ChIJf0dSgjnmaC4Rfp2O_FSkGLw,2022-01-02,15.0,42.0,49.0,13.0,0,4
ID,Indonesia,West Java,,,ID-JB,,ChIJf0dSgjnmaC4Rfp2O_FSkGLw,2022-01-03,17.0,39.0,37.0,7.0,-13,7
ID,Indonesia,West Java,,,ID-JB,,ChIJf0dSgjnmaC4Rfp2O_FSkGLw,2022-01-04,15.0,38.0,31.0,4.0,-11,7
ID,Indonesia,West Java,,,ID-JB,,ChIJf0dSgjnmaC4Rfp2O_FSkGLw,2022-01-05,17.0,38.0,34.0,4.0,-10,7
ID,Indonesia,West Java,,,ID-JB,,ChIJf0dSgjnmaC4Rfp2O_FSkGLw,2022-01-06,11.0,32.0,23.0,3.0,-9,8
ID,Indonesia,West Java,,,ID-JB,,ChIJf0dSgjnmaC4Rfp2O_FSkGLw,2022-01-07,7.0,25.0,16.0,-2.0,-7,10
ID,Indonesia,West Java,,,ID-JB,,ChIJf0dSgjnmaC4Rfp2O_FSkGLw,2022-01-08,12.0,38.0,30.0,6.0,3,5
ID,Indonesia,West Java,,,ID-JB,,ChIJf0dSgjnmaC4Rfp2O_FSkGLw,2022-01-09,13.0,36.0,35.0,9.0,9,5
ID,Indonesia,West Java,,,ID-JB,,ChIJf0dSgjnmaC4Rfp2O_FSkGLw,2022-01-10,10.0,31.0,18.0,-2.0,-3,7
ID,Indonesia,West Java,,,ID-JB,,ChIJf0dSgjnmaC4Rfp2O_FSkGLw,2022-01-11,4.0,23.0,9.0,-4.0,-3,8
ID,Indonesia,West Java,,,ID-JB,,ChIJf0dSgjnmaC4Rfp2O_FSkGLw,2022-01-12,8.0,27.0,16.0,-2.0,-2,8
ID,Indonesia,West Java,,,ID-JB,,ChIJf0dSgjnmaC4Rfp2O_FSkGLw,2022-01-13,15.0,38.0,21.0,1.0,0,7
ID,Indonesia,West Java,,,ID-JB,,ChIJf0dSgjnmaC4Rfp2O_FSkGLw,2022-01-14,7.0,26.0,15.0,-5.0,1,9
ID,Indonesia,West Java,,,ID-JB,,ChIJf0dSgjnmaC4Rfp2O_FSkGLw,2022-01-15,7.0,30.0,20.0,-2.0,8,7
ID,Indonesia,West Java,,,ID-JB,,ChIJf0dSgjnmaC4Rfp2O_FSkGLw,2022-01-16,10.0,31.0,29.0,1.0,10,7
ID,Indonesia,West Java,,,ID-JB,,ChIJf0dSgjnmaC4Rfp2O_FSkGLw,2022-01-17,8.0,26.0,17.0,-6.0,0,8
ID,Indonesia,West Java,,,ID-JB,,ChIJf0dSgjnmaC4Rfp2O_FSkGLw,2022-01-18,4.0,24.0,13.0,-7.0,0,9
ID,Indonesia,West Java,,,ID-JB,,ChIJf0dSgjnmaC4Rfp2O_FSkGLw,2022-01-19,14.0,35.0,20.0,-5.0,1,8
ID,Indonesia,West Java,,,ID-JB,,ChIJf0dSgjnmaC4Rfp2O_FSkGLw,2022-01-20,15.0,36.0,17.0,-4.0,3,9
ID,Indonesia,West Java,,,ID-JB,,ChIJf0dSgjnmaC4Rfp2O_FSkGLw,2022-01-21,12.0,30.0,20.0,-7.0,5,9
ID,Indonesia,West Java,,,ID-JB,,ChIJf0dSgjnmaC4Rfp2O_FSkGLw,2022-01-22,9.0,29.0,19.0,-8.0,10,8
ID,Indonesia,West Java,,,ID-JB,,ChIJf0dSgjnmaC4Rfp2O_FSkGLw,2022-01-23,8.0,27.0,22.0,-7.0,13,9
ID,Indonesia,West Java,,,ID-JB,,ChIJf0dSgjnmaC4Rfp2O_FSkGLw,2022-01-24,9.0,27.0,19.0,-10.0,3,9
ID,Indonesia,West Java,,,ID-JB,,ChIJf0dSgjnmaC4Rfp2O_FSkGLw,2022-01-25,13.0,35.0,18.0,-7.0,2,8
ID,Indonesia,West Java,,,ID-JB,,ChIJf0dSgjnmaC4Rfp2O_FSkGLw,2022-01-26,15.0,34.0,21.0,-6.0,2,9
ID,Indonesia,West Java,,,ID-JB,,ChIJf0dSgjnmaC4Rfp2O_FSkGLw,2022-01-27,18.0,39.0,22.0,-4.0,3,8
ID,Indonesia,West Java,,,ID-JB,,ChIJf0dSgjnmaC4Rfp2O_FSkGLw,2022-01-28,14.0,34.0,18.0,-5.0,5,10
ID,Indonesia,West Java,,,ID-JB,,ChIJf0dSgjnmaC4Rfp2O_FSkGLw,2022-01-29,14.0,39.0,26.0,0.0,12,7
ID,Indonesia,West Java,,,ID-JB,,ChIJf0dSgjnmaC4Rfp2O_FSkGLw,2022-01-30,10.0,31.0,25.0,-4.0,13,8
ID,Indonesia,West Java,,,ID-JB,,ChIJf0dSgjnmaC4Rfp2O_FSkGLw,2022-01-31,17.0,37.0,28.0,-7.0,-5,9
ID,Indonesia,West Java,,,ID-JB,,ChIJf0dSgjnmaC4Rfp2O_FSkGLw,2022-02-01,30.0,48.0,58.0,-5.0,-54,18
ID,Indonesia,West Java,,,ID-JB,,ChIJf0dSgjnmaC4Rfp2O_FSkGLw,2022-02-02,17.0,44.0,23.0,-3.0,0,9
ID,Indonesia,West Java,,,ID-JB,,ChIJf0dSgjnmaC4Rfp2O_FSkGLw,2022-02-03,15.0,41.0,18.0,-8.0,0,10
ID,Indonesia,West Java,,,ID-JB,,ChIJf0dSgjnmaC4Rfp2O_FSkGLw,2022-02-04,6.0,26.0,11.0,-17.0,0,13
ID,Indonesia,West Java,,,ID-JB,,ChIJf0dSgjnmaC4Rfp2O_FSkGLw,2022-02-05,6.0,34.0,11.0,-15.0,8,10
ID,Indonesia,West Java,,,ID-JB,,ChIJf0dSgjnmaC4Rfp2O_FSkGLw,2022-02-06,7.0,32.0,17.0,-13.0,10,10
ID,Indonesia,West Java,,,ID-JB,,ChIJf0dSgjnmaC4Rfp2O_FSkGLw,2022-02-07,9.0,32.0,14.0,-17.0,-6,12
ID,Indonesia,West Java,,,ID-JB,,ChIJf0dSgjnmaC4Rfp2O_FSkGLw,2022-02-08,5.0,27.0,11.0,-19.0,-8,13
ID,Indonesia,West Java,,,ID-JB,,ChIJf0dSgjnmaC4Rfp2O_FSkGLw,2022-02-09,8.0,28.0,12.0,-19.0,-7,13
ID,Indonesia,West Java,,,ID-JB,,ChIJf0dSgjnmaC4Rfp2O_FSkGLw,2022-02-10,15.0,43.0,21.0,-15.0,-6,12
ID,Indonesia,West Java,,,ID-JB,,ChIJf0dSgjnmaC4Rfp2O_FSkGLw,2022-02-11,10.0,31.0,16.0,-20.0,-5,14
ID,Indonesia,West Java,,,ID-JB,,ChIJf0dSgjnmaC4Rfp2O_FSkGLw,2022-02-12,5.0,31.0,14.0,-20.0,6,11
ID,Indonesia,West Java,,,ID-JB,,ChIJf0dSgjnmaC4Rfp2O_FSkGLw,2022-02-13,-1.0,22.0,10.0,-21.0,8,12
ID,Indonesia,West Java,,,ID-JB,,ChIJf0dSgjnmaC4Rfp2O_FSkGLw,2022-02-14,4.0,27.0,12.0,-21.0,-9,14
ID,Indonesia,West Java,,,ID-JB,,ChIJf0dSgjnmaC4Rfp2O_FSkGLw,2022-02-15,5.0,28.0,11.0,-21.0,-10,14
ID,Indonesia,West Java,,,ID-JB,,ChIJf0dSgjnmaC4Rfp2O_FSkGLw,2022-02-16,4.0,25.0,12.0,-21.0,-9,14
ID,Indonesia,West Java,,,ID-JB,,ChIJf0dSgjnmaC4Rfp2O_FSkGLw,2022-02-17,6.0,31.0,10.0,-20.0,-9,14
ID,Indonesia,West Java,,,ID-JB,,ChIJf0dSgjnmaC4Rfp2O_FSkGLw,2022-02-18,1.0,23.0,6.0,-25.0,-7,15
ID,Indonesia,West Java,,,ID-JB,,ChIJf0dSgjnmaC4Rfp2O_FSkGLw,2022-02-19,-1.0,26.0,5.0,-24.0,6,12
ID,Indonesia,West Java,,,ID-JB,,ChIJf0dSgjnmaC4Rfp2O_FSkGLw,2022-02-20,-2.0,23.0,7.0,-22.0,10,12
ID,Indonesia,West Java,,,ID-JB,,ChIJf0dSgjnmaC4Rfp2O_FSkGLw,2022-02-21,2.0,24.0,11.0,-22.0,-8,14
ID,Indonesia,West Java,,,ID-JB,,ChIJf0dSgjnmaC4Rfp2O_FSkGLw,2022-02-22,2.0,24.0,11.0,-21.0,-8,14
ID,Indonesia,West Java,,,ID-JB,,ChIJf0dSgjnmaC4Rfp2O_FSkGLw,2022-02-23,6.0,28.0,19.0,-19.0,-7,14
ID,Indonesia,West Java,,,ID-JB,,ChIJf0dSgjnmaC4Rfp2O_FSkGLw,2022-02-24,9.0,34.0,22.0,-16.0,-5,13
ID,Indonesia,West Java,,,ID-JB,,ChIJf0dSgjnmaC4Rfp2O_FSkGLw,2022-02-25,9.0,37.0,20.0,-14.0,-4,15
ID,Indonesia,West Java,,,ID-JB,,ChIJf0dSgjnmaC4Rfp2O_FSkGLw,2022-02-26,6.0,38.0,19.0,1.0,8,10
ID,Indonesia,West Java,,,ID-JB,,ChIJf0dSgjnmaC4Rfp2O_FSkGLw,2022-02-27,11.0,38.0,40.0,-4.0,11,9
ID,Indonesia,West Java,,,ID-JB,,ChIJf0dSgjnmaC4Rfp2O_FSkGLw,2022-02-28,25.0,45.0,72.0,-4.0,-54,19
ID,Indonesia,West Java,,,ID-JB,,ChIJf0dSgjnmaC4Rfp2O_FSkGLw,2022-03-01,7.0,36.0,20.0,-9.0,-6,13
ID,Indonesia,West Java,,,ID-JB,,ChIJf0dSgjnmaC4Rfp2O_FSkGLw,2022-03-02,15.0,42.0,32.0,-7.0,-5,11
ID,Indonesia,West Java,,,ID-JB,,ChIJf0dSgjnmaC4Rfp2O_FSkGLw,2022-03-03,27.0,49.0,62.0,-9.0,-47,20
ID,Indonesia,West Java,,,ID-JB,,ChIJf0dSgjnmaC4Rfp2O_FSkGLw,2022-03-04,9.0,33.0,32.0,-16.0,-1,16
ID,Indonesia,West Java,,,ID-JB,,ChIJf0dSgjnmaC4Rfp2O_FSkGLw,2022-03-05,-2.0,23.0,14.0,-17.0,9,14
ID,Indonesia,West Java,,,ID-JB,,ChIJf0dSgjnmaC4Rfp2O_FSkGLw,2022-03-06,6.0,32.0,25.0,-8.0,17,12
ID,Indonesia,West Java,,,ID-JB,,ChIJf0dSgjnmaC4Rfp2O_FSkGLw,2022-03-07,5.0,26.0,30.0,-14.0,0,15
ID,Indonesia,West Java,,,ID-JB,,ChIJf0dSgjnmaC4Rfp2O_FSkGLw,2022-03-08,4.0,26.0,31.0,-14.0,1,16
ID,Indonesia,West Java,,,ID-JB,,ChIJf0dSgjnmaC4Rfp2O_FSkGLw,2022-03-09,8.0,31.0,38.0,-12.0,3,16
ID,Indonesia,West Java,,,ID-JB,,ChIJf0dSgjnmaC4Rfp2O_FSkGLw,2022-03-10,6.0,31.0,37.0,-11.0,5,17
ID,Indonesia,West Java,,,ID-JB,,ChIJf0dSgjnmaC4Rfp2O_FSkGLw,2022-03-11,4.0,25.0,34.0,-13.0,7,19
ID,Indonesia,West Java,,,ID-JB,,ChIJf0dSgjnmaC4Rfp2O_FSkGLw,2022-03-12,4.0,30.0,31.0,-8.0,18,15
ID,Indonesia,West Java,,,ID-JB,,ChIJf0dSgjnmaC4Rfp2O_FSkGLw,2022-03-13,4.0,28.0,36.0,-4.0,22,15
ID,Indonesia,West Java,,,ID-JB,,ChIJf0dSgjnmaC4Rfp2O_FSkGLw,2022-03-14,4.0,24.0,42.0,-11.0,6,18
ID,Indonesia,West Java,,,ID-JB,,ChIJf0dSgjnmaC4Rfp2O_FSkGLw,2022-03-15,6.0,29.0,40.0,-9.0,5,18
ID,Indonesia,West Java,,,ID-JB,,ChIJf0dSgjnmaC4Rfp2O_FSkGLw,2022-03-16,12.0,33.0,51.0,-6.0,7,16
ID,Indonesia,West Java,,,ID-JB,,ChIJf0dSgjnmaC4Rfp2O_FSkGLw,2022-03-17,9.0,32.0,45.0,-7.0,8,17
ID,Indonesia,West Java,,,ID-JB,,ChIJf0dSgjnmaC4Rfp2O_FSkGLw,2022-03-18,5.0,24.0,40.0,-10.0,9,18
ID,Indonesia,West Java,,,ID-JB,,ChIJf0dSgjnmaC4Rfp2O_FSkGLw,2022-03-19,6.0,31.0,43.0,-4.0,20,14
ID,Indonesia,West Java,,,ID-JB,,ChIJf0dSgjnmaC4Rfp2O_FSkGLw,2022-03-20,5.0,28.0,41.0,-1.0,23,14
ID,Indonesia,West Java,,,ID-JB,,ChIJf0dSgjnmaC4Rfp2O_FSkGLw,2022-03-21,7.0,27.0,48.0,-7.0,7,17
ID,Indonesia,West Java,,,ID-JB,,ChIJf0dSgjnmaC4Rfp2O_FSkGLw,2022-03-22,7.0,27.0,45.0,-7.0,7,17
ID,Indonesia,West Java,,,ID-JB,,ChIJf0dSgjnmaC4Rfp2O_FSkGLw,2022-03-23,9.0,28.0,49.0,-5.0,7,16
ID,Indonesia,West Java,,,ID-JB,,ChIJf0dSgjnmaC4Rfp2O_FSkGLw,2022-03-24,13.0,34.0,52.0,-1.0,9,16
ID,Indonesia,West Java,,,ID-JB,,ChIJf0dSgjnmaC4Rfp2O_FSkGLw,2022-03-25,13.0,35.0,52.0,-1.0,10,16
ID,Indonesia,West Java,,,ID-JB,,ChIJf0dSgjnmaC4Rfp2O_FSkGLw,2022-03-26,6.0,32.0,44.0,5.0,20,13
ID,Indonesia,West Java,,,ID-JB,,ChIJf0dSgjnmaC4Rfp2O_FSkGLw,2022-03-27,11.0,35.0,52.0,11.0,24,11
ID,Indonesia,West Java,,,ID-JB,,ChIJf0dSgjnmaC4Rfp2O_FSkGLw,2022-03-28,15.0,37.0,62.0,3.0,8,15
ID,Indonesia,West Java,,,ID-JB,,ChIJf0dSgjnmaC4Rfp2O_FSkGLw,2022-03-29,15.0,36.0,60.0,1.0,7,15
ID,Indonesia,West Java,,,ID-JB,,ChIJf0dSgjnmaC4Rfp2O_FSkGLw,2022-03-30,20.0,41.0,67.0,4.0,8,14
ID,Indonesia,West Java,,,ID-JB,,ChIJf0dSgjnmaC4Rfp2O_FSkGLw,2022-03-31,20.0,45.0,62.0,8.0,7,14
ID,Indonesia,West Java,,,ID-JB,,ChIJf0dSgjnmaC4Rfp2O_FSkGLw,2022-04-01,25.0,56.0,70.0,6.0,-2,15
ID,Indonesia,West Java,,,ID-JB,,ChIJf0dSgjnmaC4Rfp2O_FSkGLw,2022-04-02,6.0,47.0,26.0,-10.0,6,16
ID,Indonesia,West Java,,,ID-JB,,ChIJf0dSgjnmaC4Rfp2O_FSkGLw,2022-04-03,-33.0,-2.0,-24.0,-36.0,4,24
ID,Indonesia,West Java,,,ID-JB,,ChIJf0dSgjnmaC4Rfp2O_FSkGLw,2022-04-04,-3.0,28.0,36.0,-14.0,-2,20
ID,Indonesia,West Java,,,ID-JB,,ChIJf0dSgjnmaC4Rfp2O_FSkGLw,2022-04-05,-9.0,17.0,24.0,-17.0,3,20
ID,Indonesia,West Java,,,ID-JB,,ChIJf0dSgjnmaC4Rfp2O_FSkGLw,2022-04-06,-2.0,24.0,34.0,-15.0,6,19
ID,Indonesia,West Java,,,ID-JB,,ChIJf0dSgjnmaC4Rfp2O_FSkGLw,2022-04-07,1.0,28.0,35.0,-14.0,8,19
ID,Indonesia,West Java,,,ID-JB,,ChIJf0dSgjnmaC4Rfp2O_FSkGLw,2022-04-08,-1.0,23.0,31.0,-20.0,10,20
ID,Indonesia,West Java,,,ID-JB,,ChIJf0dSgjnmaC4Rfp2O_FSkGLw,2022-04-09,-5.0,23.0,7.0,-24.0,20,18
ID,Indonesia,West Java,,,ID-JB,,ChIJf0dSgjnmaC4Rfp2O_FSkGLw,2022-04-10,-7.0,20.0,-3.0,-24.0,25,19
ID,Indonesia,West Java,,,ID-JB,,ChIJf0dSgjnmaC4Rfp2O_FSkGLw,2022-04-11,-1.0,20.0,33.0,-16.0,8,19
ID,Indonesia,West Java,,,ID-JB,,ChIJf0dSgjnmaC4Rfp2O_FSkGLw,2022-04-12,2.0,26.0,36.0,-12.0,7,19
ID,Indonesia,West Java,,,ID-JB,,ChIJf0dSgjnmaC4Rfp2O_FSkGLw,2022-04-13,7.0,29.0,41.0,-10.0,8,18
ID,Indonesia,West Java,,,ID-JB,,ChIJf0dSgjnmaC4Rfp2O_FSkGLw,2022-04-14,13.0,38.0,44.0,2.0,8,16
ID,Indonesia,West Java,,,ID-JB,,ChIJf0dSgjnmaC4Rfp2O_FSkGLw,2022-04-15,18.0,35.0,45.0,-17.0,-42,28
ID,Indonesia,West Java,,,ID-JB,,ChIJf0dSgjnmaC4Rfp2O_FSkGLw,2022-04-16,2.0,28.0,17.0,-19.0,15,18
ID,Indonesia,West Java,,,ID-JB,,ChIJf0dSgjnmaC4Rfp2O_FSkGLw,2022-04-17,2.0,27.0,7.0,-11.0,28,17
ID,Indonesia,West Java,,,ID-JB,,ChIJf0dSgjnmaC4Rfp2O_FSkGLw,2022-04-18,6.0,27.0,38.0,-9.0,8,18
ID,Indonesia,West Java,,,ID-JB,,ChIJf0dSgjnmaC4Rfp2O_FSkGLw,2022-04-19,4.0,25.0,30.0,-9.0,6,19
ID,Indonesia,West Java,,,ID-JB,,ChIJf0dSgjnmaC4Rfp2O_FSkGLw,2022-04-20,14.0,39.0,42.0,-4.0,7,17
ID,Indonesia,West Java,,,ID-JB,,ChIJf0dSgjnmaC4Rfp2O_FSkGLw,2022-04-21,17.0,43.0,44.0,-1.0,8,17
ID,Indonesia,West Java,,,ID-JB,,ChIJf0dSgjnmaC4Rfp2O_FSkGLw,2022-04-22,7.0,27.0,32.0,-11.0,9,19
ID,Indonesia,West Java,,,ID-JB,,ChIJf0dSgjnmaC4Rfp2O_FSkGLw,2022-04-23,14.0,45.0,21.0,-2.0,21,14
ID,Indonesia,West Java,,,ID-JB,,ChIJf0dSgjnmaC4Rfp2O_FSkGLw,2022-04-24,14.0,42.0,10.0,1.0,32,15
ID,Indonesia,West Java,,,ID-JB,,ChIJf0dSgjnmaC4Rfp2O_FSkGLw,2022-04-25,18.0,40.0,47.0,2.0,-2,18
ID,Indonesia,West Java,,,ID-JB,,ChIJf0dSgjnmaC4Rfp2O_FSkGLw,2022-04-26,30.0,60.0,58.0,14.0,-4,16
ID,Indonesia,West Java,,,ID-JB,,ChIJf0dSgjnmaC4Rfp2O_FSkGLw,2022-04-27,30.0,57.0,60.0,26.0,-7,16
ID,Indonesia,West Java,,,ID-JB,,ChIJf0dSgjnmaC4Rfp2O_FSkGLw,2022-04-28,42.0,79.0,73.0,44.0,-12,15
ID,Indonesia,West Java,,,ID-JB,,ChIJf0dSgjnmaC4Rfp2O_FSkGLw,2022-04-29,42.0,77.0,83.0,36.0,-37,21
ID,Indonesia,West Java,,,ID-JB,,ChIJf0dSgjnmaC4Rfp2O_FSkGLw,2022-04-30,21.0,64.0,49.0,29.0,-20,16
ID,Indonesia,West Java,,,ID-JB,,ChIJf0dSgjnmaC4Rfp2O_FSkGLw,2022-05-01,17.0,68.0,53.0,16.0,0,14
ID,Indonesia,West Java,,,ID-JB,,ChIJf0dSgjnmaC4Rfp2O_FSkGLw,2022-05-02,16.0,35.0,147.0,1.0,-74,16
ID,Indonesia,West Java,,,ID-JB,,ChIJf0dSgjnmaC4Rfp2O_FSkGLw,2022-05-03,44.0,74.0,230.0,43.0,-74,13
ID,Indonesia,West Java,,,ID-JB,,ChIJf0dSgjnmaC4Rfp2O_FSkGLw,2022-05-04,46.0,68.0,256.0,41.0,-68,15
ID,Indonesia,West Java,,,ID-JB,,ChIJf0dSgjnmaC4Rfp2O_FSkGLw,2022-05-05,52.0,76.0,244.0,42.0,-62,15
ID,Indonesia,West Java,,,ID-JB,,ChIJf0dSgjnmaC4Rfp2O_FSkGLw,2022-05-06,34.0,54.0,165.0,25.0,-56,20
ID,Indonesia,West Java,,,ID-JB,,ChIJf0dSgjnmaC4Rfp2O_FSkGLw,2022-05-07,13.0,40.0,99.0,26.0,-27,13
ID,Indonesia,West Java,,,ID-JB,,ChIJf0dSgjnmaC4Rfp2O_FSkGLw,2022-05-08,14.0,43.0,73.0,29.0,9,11
ID,Indonesia,West Java,,,ID-JB,,ChIJf0dSgjnmaC4Rfp2O_FSkGLw,2022-05-09,16.0,33.0,79.0,19.0,-10,17
ID,Indonesia,West Java,,,ID-JB,,ChIJf0dSgjnmaC4Rfp2O_FSkGLw,2022-05-10,27.0,52.0,86.0,26.0,-8,15
ID,Indonesia,West Java,,,ID-JB,,ChIJf0dSgjnmaC4Rfp2O_FSkGLw,2022-05-11,25.0,46.0,76.0,18.0,-5,16
ID,Indonesia,West Java,,,ID-JB,,ChIJf0dSgjnmaC4Rfp2O_FSkGLw,2022-05-12,24.0,47.0,69.0,13.0,6,14
ID,Indonesia,West Java,,,ID-JB,,ChIJf0dSgjnmaC4Rfp2O_FSkGLw,2022-05-13,17.0,37.0,60.0,6.0,8,16
ID,Indonesia,West Java,,,ID-JB,,ChIJf0dSgjnmaC4Rfp2O_FSkGLw,2022-05-14,13.0,39.0,61.0,18.0,15,12
ID,Indonesia,West Java,,,ID-JB,,ChIJf0dSgjnmaC4Rfp2O_FSkGLw,2022-05-15,14.0,36.0,77.0,20.0,17,12
ID,Indonesia,West Java,,,ID-JB,,ChIJf0dSgjnmaC4Rfp2O_FSkGLw,2022-05-16,31.0,43.0,117.0,18.0,-50,23
ID,Indonesia,West Java,,,ID-JB,,ChIJf0dSgjnmaC4Rfp2O_FSkGLw,2022-05-17,11.0,33.0,55.0,9.0,6,15
ID,Indonesia,West Java,,,ID-JB,,ChIJf0dSgjnmaC4Rfp2O_FSkGLw,2022-05-18,15.0,36.0,60.0,4.0,6,15
ID,Indonesia,West Java,,,ID-JB,,ChIJf0dSgjnmaC4Rfp2O_FSkGLw,2022-05-19,12.0,33.0,50.0,1.0,7,16
ID,Indonesia,West Java,,,ID-JB,,ChIJf0dSgjnmaC4Rfp2O_FSkGLw,2022-05-20,10.0,29.0,48.0,-6.0,10,16
ID,Indonesia,West Java,,,ID-JB,,ChIJf0dSgjnmaC4Rfp2O_FSkGLw,2022-05-21,6.0,29.0,41.0,-5.0,18,14
ID,Indonesia,West Java,,,ID-JB,,ChIJf0dSgjnmaC4Rfp2O_FSkGLw,2022-05-22,7.0,30.0,45.0,-1.0,23,14
ID,Indonesia,West Java,,,ID-JB,,ChIJf0dSgjnmaC4Rfp2O_FSkGLw,2022-05-23,10.0,30.0,58.0,-4.0,8,16
ID,Indonesia,West Java,,,ID-JB,,ChIJf0dSgjnmaC4Rfp2O_FSkGLw,2022-05-24,11.0,31.0,56.0,-2.0,7,16
ID,Indonesia,West Java,,,ID-JB,,ChIJf0dSgjnmaC4Rfp2O_FSkGLw,2022-05-25,17.0,38.0,63.0,8.0,6,14
ID,Indonesia,West Java,,,ID-JB,,ChIJf0dSgjnmaC4Rfp2O_FSkGLw,2022-05-26,31.0,48.0,95.0,7.0,-44,23
ID,Indonesia,West Java,,,ID-JB,,ChIJf0dSgjnmaC4Rfp2O_FSkGLw,2022-05-27,13.0,33.0,57.0,-5.0,8,16
ID,Indonesia,West Java,,,ID-JB,,ChIJf0dSgjnmaC4Rfp2O_FSkGLw,2022-05-28,9.0,32.0,47.0,-2.0,17,14
ID,Indonesia,West Java,,,ID-JB,,ChIJf0dSgjnmaC4Rfp2O_FSkGLw,2022-05-29,8.0,31.0,44.0,5.0,25,13
ID,Indonesia,West Java,,,ID-JB,,ChIJf0dSgjnmaC4Rfp2O_FSkGLw,2022-05-30,11.0,31.0,55.0,-3.0,9,15
ID,Indonesia,West Java,,,ID-JB,,ChIJf0dSgjnmaC4Rfp2O_FSkGLw,2022-05-31,12.0,34.0,52.0,1.0,7,14
ID,Indonesia,West Java,,,ID-JB,,ChIJf0dSgjnmaC4Rfp2O_FSkGLw,2022-06-01,33.0,51.0,98.0,-1.0,-45,24
ID,Indonesia,West Java,,,ID-JB,,ChIJf0dSgjnmaC4Rfp2O_FSkGLw,2022-06-02,10.0,35.0,50.0,-1.0,10,15
ID,Indonesia,West Java,,,ID-JB,,ChIJf0dSgjnmaC4Rfp2O_FSkGLw,2022-06-03,14.0,38.0,58.0,-4.0,12,16
ID,Indonesia,West Java,,,ID-JB,,ChIJf0dSgjnmaC4Rfp2O_FSkGLw,2022-06-04,9.0,36.0,49.0,-3.0,19,14
ID,Indonesia,West Java,,,ID-JB,,ChIJf0dSgjnmaC4Rfp2O_FSkGLw,2022-06-05,5.0,31.0,44.0,0.0,23,15
ID,Indonesia,West Java,,,ID-JB,,ChIJf0dSgjnmaC4Rfp2O_FSkGLw,2022-06-06,4.0,24.0,44.0,-6.0,9,16
ID,Indonesia,West Java,,,ID-JB,,ChIJf0dSgjnmaC4Rfp2O_FSkGLw,2022-06-07,14.0,39.0,57.0,-2.0,9,15
ID,Indonesia,West Java,,,ID-JB,,ChIJf0dSgjnmaC4Rfp2O_FSkGLw,2022-06-08,13.0,34.0,55.0,-2.0,9,16
ID,Indonesia,West Java,,,ID-JB,,ChIJf0dSgjnmaC4Rfp2O_FSkGLw,2022-06-09,12.0,35.0,50.0,-2.0,10,16
ID,Indonesia,West Java,,,ID-JB,,ChIJf0dSgjnmaC4Rfp2O_FSkGLw,2022-06-10,13.0,34.0,52.0,-4.0,13,16
ID,Indonesia,West Java,,,ID-JB,,ChIJf0dSgjnmaC4Rfp2O_FSkGLw,2022-06-11,9.0,33.0,45.0,-3.0,22,14
ID,Indonesia,West Java,,,ID-JB,,ChIJf0dSgjnmaC4Rfp2O_FSkGLw,2022-06-12,7.0,30.0,43.0,0.0,24,15
ID,Indonesia,West Java,,,ID-JB,,ChIJf0dSgjnmaC4Rfp2O_FSkGLw,2022-06-13,10.0,30.0,54.0,-2.0,9,16
ID,Indonesia,West Java,,,ID-JB,,ChIJf0dSgjnmaC4Rfp2O_FSkGLw,2022-06-14,11.0,31.0,52.0,-2.0,8,16
ID,Indonesia,West Java,,,ID-JB,,ChIJf0dSgjnmaC4Rfp2O_FSkGLw,2022-06-15,13.0,33.0,55.0,-1.0,7,16
ID,Indonesia,West Java,,,ID-JB,,ChIJf0dSgjnmaC4Rfp2O_FSkGLw,2022-06-16,15.0,36.0,56.0,2.0,8,16
ID,Indonesia,West Java,,,ID-JB,,ChIJf0dSgjnmaC4Rfp2O_FSkGLw,2022-06-17,9.0,28.0,45.0,-3.0,9,17
ID,Indonesia,West Java,,,ID-JB,,ChIJf0dSgjnmaC4Rfp2O_FSkGLw,2022-06-18,7.0,30.0,41.0,-2.0,20,14
ID,Indonesia,West Java,,,ID-JB,,ChIJf0dSgjnmaC4Rfp2O_FSkGLw,2022-06-19,8.0,31.0,45.0,0.0,27,14
ID,Indonesia,West Java,,,ID-JB,,ChIJf0dSgjnmaC4Rfp2O_FSkGLw,2022-06-20,8.0,28.0,54.0,-1.0,6,17
ID,Indonesia,West Java,,,ID-JB,,ChIJf0dSgjnmaC4Rfp2O_FSkGLw,2022-06-21,12.0,33.0,58.0,1.0,5,16
ID,Indonesia,West Java,,,ID-JB,,ChIJf0dSgjnmaC4Rfp2O_FSkGLw,2022-06-22,13.0,32.0,60.0,2.0,4,16
ID,Indonesia,West Java,,,ID-JB,,ChIJf0dSgjnmaC4Rfp2O_FSkGLw,2022-06-23,15.0,36.0,59.0,4.0,5,16
ID,Indonesia,West Java,,,ID-JB,,ChIJf0dSgjnmaC4Rfp2O_FSkGLw,2022-06-24,12.0,32.0,50.0,-1.0,7,17
ID,Indonesia,West Java,,,ID-JB,,ChIJf0dSgjnmaC4Rfp2O_FSkGLw,2022-06-25,10.0,36.0,47.0,4.0,20,13
ID,Indonesia,West Java,,,ID-JB,,ChIJf0dSgjnmaC4Rfp2O_FSkGLw,2022-06-26,5.0,27.0,38.0,6.0,25,14
ID,Indonesia,West Java,,,ID-JB,,ChIJf0dSgjnmaC4Rfp2O_FSkGLw,2022-06-27,11.0,30.0,61.0,4.0,0,17
ID,Indonesia,West Java,,,ID-JB,,ChIJf0dSgjnmaC4Rfp2O_FSkGLw,2022-06-28,13.0,35.0,63.0,6.0,-1,17
ID,Indonesia,West Java,,,ID-JB,,ChIJf0dSgjnmaC4Rfp2O_FSkGLw,2022-06-29,19.0,40.0,70.0,9.0,0,16
ID,Indonesia,West Java,,,ID-JB,,ChIJf0dSgjnmaC4Rfp2O_FSkGLw,2022-06-30,21.0,47.0,67.0,12.0,2,16
ID,Indonesia,West Java,,,ID-JB,,ChIJf0dSgjnmaC4Rfp2O_FSkGLw,2022-07-01,19.0,45.0,64.0,8.0,2,17
ID,Indonesia,West Java,,,ID-JB,,ChIJf0dSgjnmaC4Rfp2O_FSkGLw,2022-07-02,16.0,45.0,61.0,17.0,13,13
ID,Indonesia,West Java,,,ID-JB,,ChIJf0dSgjnmaC4Rfp2O_FSkGLw,2022-07-03,17.0,42.0,59.0,20.0,24,12
ID,Indonesia,West Java,,,ID-JB,,ChIJf0dSgjnmaC4Rfp2O_FSkGLw,2022-07-04,19.0,40.0,72.0,13.0,-1,16
ID,Indonesia,West Java,,,ID-JB,,ChIJf0dSgjnmaC4Rfp2O_FSkGLw,2022-07-05,17.0,41.0,67.0,12.0,-1,16
ID,Indonesia,West Java,,,ID-JB,,ChIJf0dSgjnmaC4Rfp2O_FSkGLw,2022-07-06,20.0,39.0,68.0,14.0,-1,16
ID,Indonesia,West Java,,,ID-JB,,ChIJf0dSgjnmaC4Rfp2O_FSkGLw,2022-07-07,24.0,47.0,71.0,17.0,1,15
ID,Indonesia,West Java,,,ID-JB,,ChIJf0dSgjnmaC4Rfp2O_FSkGLw,2022-07-08,21.0,45.0,65.0,15.0,1,17
ID,Indonesia,West Java,,,ID-JB,,ChIJf0dSgjnmaC4Rfp2O_FSkGLw,2022-07-09,14.0,48.0,54.0,5.0,-12,17
ID,Indonesia,West Java,,,ID-JB,,ChIJf0dSgjnmaC4Rfp2O_FSkGLw,2022-07-10,-6.0,18.0,31.0,-8.0,3,16
ID,Indonesia,West Java,,,ID-JB,,ChIJf0dSgjnmaC4Rfp2O_FSkGLw,2022-07-11,18.0,41.0,79.0,13.0,-4,15
ID,Indonesia,West Java,,,ID-JB,,ChIJf0dSgjnmaC4Rfp2O_FSkGLw,2022-07-12,15.0,37.0,66.0,12.0,-2,16
ID,Indonesia,West Java,,,ID-JB,,ChIJf0dSgjnmaC4Rfp2O_FSkGLw,2022-07-13,14.0,35.0,65.0,10.0,-1,16
ID,Indonesia,West Java,,,ID-JB,,ChIJf0dSgjnmaC4Rfp2O_FSkGLw,2022-07-14,19.0,42.0,68.0,11.0,2,15
ID,Indonesia,West Java,,,ID-JB,,ChIJf0dSgjnmaC4Rfp2O_FSkGLw,2022-07-15,10.0,29.0,52.0,2.0,4,17
ID,Indonesia,West Java,,,ID-JB,,ChIJf0dSgjnmaC4Rfp2O_FSkGLw,2022-07-16,5.0,30.0,35.0,3.0,10,16
ID,Indonesia,West Java,,,ID-JB,,ChIJf0dSgjnmaC4Rfp2O_FSkGLw,2022-07-17,17.0,47.0,50.0,13.0,26,13
ID,Indonesia,West Java,,,ID-JB,,ChIJf0dSgjnmaC4Rfp2O_FSkGLw,2022-07-18,14.0,37.0,61.0,1.0,8,15
ID,Indonesia,West Java,,,ID-JB,,ChIJf0dSgjnmaC4Rfp2O_FSkGLw,2022-07-19,14.0,36.0,59.0,1.0,10,19
ID,Indonesia,West Java,,,ID-JB,,ChIJf0dSgjnmaC4Rfp2O_FSkGLw,2022-07-20,15.0,38.0,61.0,1.0,10,15
ID,Indonesia,West Java,,,ID-JB,,ChIJf0dSgjnmaC4Rfp2O_FSkGLw,2022-07-21,15.0,39.0,59.0,1.0,11,15
ID,Indonesia,West Java,,,ID-JB,,ChIJf0dSgjnmaC4Rfp2O_FSkGLw,2022-07-22,11.0,30.0,53.0,-3.0,13,16
ID,Indonesia,West Java,,,ID-JB,,ChIJf0dSgjnmaC4Rfp2O_FSkGLw,2022-07-23,9.0,34.0,50.0,1.0,21,14
ID,Indonesia,West Java,,,ID-JB,,ChIJf0dSgjnmaC4Rfp2O_FSkGLw,2022-07-24,5.0,30.0,38.0,1.0,23,15
ID,Indonesia,West Java,,,ID-JB,,ChIJf0dSgjnmaC4Rfp2O_FSkGLw,2022-07-25,10.0,35.0,51.0,-1.0,11,16
ID,Indonesia,West Java,,,ID-JB,,ChIJf0dSgjnmaC4Rfp2O_FSkGLw,2022-07-26,13.0,36.0,56.0,2.0,11,15
ID,Indonesia,West Java,,,ID-JB,,ChIJf0dSgjnmaC4Rfp2O_FSkGLw,2022-07-27,16.0,38.0,62.0,3.0,12,15
ID,Indonesia,West Java,,,ID-JB,,ChIJf0dSgjnmaC4Rfp2O_FSkGLw,2022-07-28,19.0,44.0,62.0,6.0,13,15
ID,Indonesia,West Java,,,ID-JB,,ChIJf0dSgjnmaC4Rfp2O_FSkGLw,2022-07-29,19.0,45.0,68.0,8.0,15,14
ID,Indonesia,West Java,,,ID-JB,,ChIJf0dSgjnmaC4Rfp2O_FSkGLw,2022-07-30,18.0,44.0,78.0,12.0,-11,16
ID,Indonesia,West Java,,,ID-JB,,ChIJf0dSgjnmaC4Rfp2O_FSkGLw,2022-07-31,15.0,42.0,57.0,14.0,27,14
ID,Indonesia,West Java,,,ID-JB,,ChIJf0dSgjnmaC4Rfp2O_FSkGLw,2022-08-01,17.0,44.0,62.0,5.0,13,15
ID,Indonesia,West Java,,,ID-JB,,ChIJf0dSgjnmaC4Rfp2O_FSkGLw,2022-08-02,16.0,42.0,58.0,3.0,13,15
ID,Indonesia,West Java,,,ID-JB,,ChIJf0dSgjnmaC4Rfp2O_FSkGLw,2022-08-03,18.0,42.0,61.0,3.0,13,15
ID,Indonesia,West Java,,,ID-JB,,ChIJf0dSgjnmaC4Rfp2O_FSkGLw,2022-08-04,20.0,43.0,57.0,5.0,14,15
ID,Indonesia,West Java,,,ID-JB,,ChIJf0dSgjnmaC4Rfp2O_FSkGLw,2022-08-05,19.0,42.0,61.0,3.0,16,15
ID,Indonesia,West Java,,,ID-JB,,ChIJf0dSgjnmaC4Rfp2O_FSkGLw,2022-08-06,15.0,40.0,51.0,4.0,21,14
ID,Indonesia,West Java,,,ID-JB,,ChIJf0dSgjnmaC4Rfp2O_FSkGLw,2022-08-07,13.0,39.0,46.0,7.0,23,15
ID,Indonesia,West Java,,,ID-JB,,ChIJf0dSgjnmaC4Rfp2O_FSkGLw,2022-08-08,16.0,38.0,60.0,2.0,14,15
ID,Indonesia,West Java,,,ID-JB,,ChIJf0dSgjnmaC4Rfp2O_FSkGLw,2022-08-09,14.0,37.0,56.0,2.0,14,15
ID,Indonesia,West Java,,,ID-JB,,ChIJf0dSgjnmaC4Rfp2O_FSkGLw,2022-08-10,17.0,40.0,61.0,4.0,15,14
ID,Indonesia,West Java,,,ID-JB,,ChIJf0dSgjnmaC4Rfp2O_FSkGLw,2022-08-11,17.0,41.0,58.0,4.0,16,15
ID,Indonesia,West Java,,,ID-JB,,ChIJf0dSgjnmaC4Rfp2O_FSkGLw,2022-08-12,10.0,30.0,51.0,-1.0,18,16
ID,Indonesia,West Java,,,ID-JB,,ChIJf0dSgjnmaC4Rfp2O_FSkGLw,2022-08-13,10.0,36.0,48.0,1.0,24,14
ID,Indonesia,West Java,,,ID-JB,,ChIJf0dSgjnmaC4Rfp2O_FSkGLw,2022-08-14,10.0,35.0,45.0,3.0,27,15
ID,Indonesia,West Java,,,ID-JB,,ChIJf0dSgjnmaC4Rfp2O_FSkGLw,2022-08-15,13.0,34.0,61.0,2.0,15,18
ID,Indonesia,West Java,,,ID-JB,,ChIJf0dSgjnmaC4Rfp2O_FSkGLw,2022-08-16,18.0,41.0,68.0,8.0,13,15
ID,Indonesia,West Java,,,ID-JB,,ChIJf0dSgjnmaC4Rfp2O_FSkGLw,2022-08-17,27.0,44.0,116.0,-9.0,-47,29
ID,Indonesia,West Java,,,ID-JB,,ChIJf0dSgjnmaC4Rfp2O_FSkGLw,2022-08-18,19.0,43.0,68.0,5.0,16,18
ID,Indonesia,West Java,,,ID-JB,,ChIJf0dSgjnmaC4Rfp2O_FSkGLw,2022-08-19,14.0,34.0,64.0,-1.0,18,19
ID,Indonesia,West Java,,,ID-JB,,ChIJf0dSgjnmaC4Rfp2O_FSkGLw,2022-08-20,9.0,34.0,52.0,-4.0,25,18
ID,Indonesia,West Java,,,ID-JB,,ChIJf0dSgjnmaC4Rfp2O_FSkGLw,2022-08-21,3.0,26.0,40.0,-3.0,26,19
ID,Indonesia,West Java,,,ID-JB,,ChIJf0dSgjnmaC4Rfp2O_FSkGLw,2022-08-22,11.0,33.0,61.0,0.0,16,19
ID,Indonesia,West Java,,,ID-JB,,ChIJf0dSgjnmaC4Rfp2O_FSkGLw,2022-08-23,11.0,33.0,58.0,-1.0,15,19
ID,Indonesia,West Java,,,ID-JB,,ChIJf0dSgjnmaC4Rfp2O_FSkGLw,2022-08-24,15.0,36.0,64.0,1.0,16,18
ID,Indonesia,West Java,,,ID-JB,,ChIJf0dSgjnmaC4Rfp2O_FSkGLw,2022-08-25,19.0,46.0,63.0,4.0,18,17
ID,Indonesia,West Java,,,ID-JB,,ChIJf0dSgjnmaC4Rfp2O_FSkGLw,2022-08-26,16.0,38.0,59.0,2.0,20,18
ID,Indonesia,West Java,,,ID-JB,,ChIJf0dSgjnmaC4Rfp2O_FSkGLw,2022-08-27,13.0,39.0,53.0,5.0,24,16
ID,Indonesia,West Java,,,ID-JB,,ChIJf0dSgjnmaC4Rfp2O_FSkGLw,2022-08-28,10.0,34.0,45.0,5.0,25,17
ID,Indonesia,West Java,,,ID-JB,,ChIJf0dSgjnmaC4Rfp2O_FSkGLw,2022-08-29,12.0,34.0,55.0,1.0,16,18
ID,Indonesia,West Java,,,ID-JB,,ChIJf0dSgjnmaC4Rfp2O_FSkGLw,2022-08-30,14.0,36.0,54.0,1.0,16,16
ID,Indonesia,West Java,,,ID-JB,,ChIJf0dSgjnmaC4Rfp2O_FSkGLw,2022-08-31,19.0,44.0,58.0,4.0,17,16
ID,Indonesia,West Java,,,ID-JB,,ChIJf0dSgjnmaC4Rfp2O_FSkGLw,2022-09-01,21.0,49.0,55.0,6.0,18,14
ID,Indonesia,West Java,,,ID-JB,,ChIJf0dSgjnmaC4Rfp2O_FSkGLw,2022-09-02,18.0,40.0,55.0,2.0,20,15
ID,Indonesia,West Java,,,ID-JB,,ChIJf0dSgjnmaC4Rfp2O_FSkGLw,2022-09-03,15.0,41.0,52.0,7.0,22,13
ID,Indonesia,West Java,,,ID-JB,,ChIJf0dSgjnmaC4Rfp2O_FSkGLw,2022-09-04,15.0,40.0,50.0,11.0,22,14
ID,Indonesia,West Java,,,ID-JB,,ChIJf0dSgjnmaC4Rfp2O_FSkGLw,2022-09-05,15.0,39.0,56.0,3.0,17,14
ID,Indonesia,West Java,,,ID-JB,,ChIJf0dSgjnmaC4Rfp2O_FSkGLw,2022-09-06,14.0,36.0,53.0,2.0,16,15
ID,Indonesia,West Java,,,ID-JB,,ChIJf0dSgjnmaC4Rfp2O_FSkGLw,2022-09-07,15.0,34.0,55.0,3.0,17,15
ID,Indonesia,West Java,,,ID-JB,,ChIJf0dSgjnmaC4Rfp2O_FSkGLw,2022-09-08,13.0,35.0,45.0,4.0,17,15
ID,Indonesia,West Java,,,ID-JB,,ChIJf0dSgjnmaC4Rfp2O_FSkGLw,2022-09-09,10.0,28.0,44.0,0.0,20,16
ID,Indonesia,West Java,,,ID-JB,,ChIJf0dSgjnmaC4Rfp2O_FSkGLw,2022-09-10,8.0,31.0,36.0,3.0,23,15
ID,Indonesia,West Java,,,ID-JB,,ChIJf0dSgjnmaC4Rfp2O_FSkGLw,2022-09-11,12.0,35.0,41.0,7.0,25,15
ID,Indonesia,West Java,,,ID-JB,,ChIJf0dSgjnmaC4Rfp2O_FSkGLw,2022-09-12,13.0,33.0,50.0,2.0,19,15
ID,Indonesia,West Java,,,ID-JB,,ChIJf0dSgjnmaC4Rfp2O_FSkGLw,2022-09-13,13.0,33.0,49.0,2.0,17,15
ID,Indonesia,West Java,,,ID-JB,,ChIJf0dSgjnmaC4Rfp2O_FSkGLw,2022-09-14,18.0,37.0,60.0,4.0,18,14
ID,Indonesia,West Java,,,ID-JB,,ChIJf0dSgjnmaC4Rfp2O_FSkGLw,2022-09-15,18.0,39.0,56.0,6.0,19,13
ID,Indonesia,West Java,,,ID-JB,,ChIJf0dSgjnmaC4Rfp2O_FSkGLw,2022-09-16,11.0,28.0,47.0,1.0,17,15
ID,Indonesia,West Java,,,ID-JB,,ChIJf0dSgjnmaC4Rfp2O_FSkGLw,2022-09-17,12.0,34.0,49.0,3.0,22,14
ID,Indonesia,West Java,,,ID-JB,,ChIJf0dSgjnmaC4Rfp2O_FSkGLw,2022-09-18,9.0,31.0,45.0,3.0,23,15
ID,Indonesia,West Java,,,ID-JB,,ChIJf0dSgjnmaC4Rfp2O_FSkGLw,2022-09-19,10.0,29.0,49.0,1.0,14,15
ID,Indonesia,West Java,,,ID-JB,,ChIJf0dSgjnmaC4Rfp2O_FSkGLw,2022-09-20,8.0,28.0,43.0,0.0,13,16
ID,Indonesia,West Java,,,ID-JB,,ChIJf0dSgjnmaC4Rfp2O_FSkGLw,2022-09-21,13.0,30.0,49.0,1.0,13,15
ID,Indonesia,West Java,,,ID-JB,,ChIJf0dSgjnmaC4Rfp2O_FSkGLw,2022-09-22,12.0,31.0,43.0,3.0,14,15
ID,Indonesia,West Java,,,ID-JB,,ChIJf0dSgjnmaC4Rfp2O_FSkGLw,2022-09-23,12.0,29.0,45.0,2.0,16,16
ID,Indonesia,West Java,,,ID-JB,,ChIJf0dSgjnmaC4Rfp2O_FSkGLw,2022-09-24,13.0,35.0,48.0,5.0,21,13
ID,Indonesia,West Java,,,ID-JB,,ChIJf0dSgjnmaC4Rfp2O_FSkGLw,2022-09-25,11.0,33.0,44.0,5.0,24,15
ID,Indonesia,West Java,,,ID-JB,,ChIJf0dSgjnmaC4Rfp2O_FSkGLw,2022-09-26,11.0,29.0,48.0,1.0,15,15
ID,Indonesia,West Java,,,ID-JB,,ChIJf0dSgjnmaC4Rfp2O_FSkGLw,2022-09-27,12.0,31.0,48.0,1.0,14,15
ID,Indonesia,West Java,,,ID-JB,,ChIJf0dSgjnmaC4Rfp2O_FSkGLw,2022-09-28,16.0,35.0,54.0,3.0,14,15
ID,Indonesia,West Java,,,ID-JB,,ChIJf0dSgjnmaC4Rfp2O_FSkGLw,2022-09-29,17.0,39.0,52.0,5.0,16,14
ID,Indonesia,West Java,,,ID-JB,,ChIJf0dSgjnmaC4Rfp2O_FSkGLw,2022-09-30,17.0,38.0,51.0,4.0,18,15
ID,Indonesia,West Java,,,ID-JB,,ChIJf0dSgjnmaC4Rfp2O_FSkGLw,2022-10-01,15.0,42.0,48.0,9.0,23,13
ID,Indonesia,West Java,,,ID-JB,,ChIJf0dSgjnmaC4Rfp2O_FSkGLw,2022-10-02,13.0,38.0,39.0,11.0,19,15