kode_kabupaten_kota,nama_kabupaten_kota,jumlah,jenis_sarana,tahun
3201,KABUPATEN BOGOR,0,Bar,2014
3201,KABUPATEN BOGOR,0,PUB,2014
3201,KABUPATEN BOGOR,0,Museum,2014
3201,KABUPATEN BOGOR,1,Bioskop,2014
3201,KABUPATEN BOGOR,22,Billiard,2014
3201,KABUPATEN BOGOR,0,DISKOTIK,2014
3201,KABUPATEN BOGOR,0,NIGHT CLUB,2014
3201,KABUPATEN BOGOR,0,KARAOKE/BAR,2014
3201,KABUPATEN BOGOR,43,PANTI PIJAT,2014
3201,KABUPATEN BOGOR,0,Wisata Tirta,2014
3201,KABUPATEN BOGOR,0,Bar,2015
3201,KABUPATEN BOGOR,0,PUB,2015
3201,KABUPATEN BOGOR,0,Museum,2015
3201,KABUPATEN BOGOR,1,Bioskop,2015
3201,KABUPATEN BOGOR,22,Billiard,2015
3201,KABUPATEN BOGOR,0,DISKOTIK,2015
3201,KABUPATEN BOGOR,0,NIGHT CLUB,2015
3201,KABUPATEN BOGOR,0,KARAOKE/BAR,2015
3201,KABUPATEN BOGOR,43,PANTI PIJAT,2015
3201,KABUPATEN BOGOR,0,Wisata Tirta,2015
3201,KABUPATEN BOGOR,0,Bar,2016
3201,KABUPATEN BOGOR,0,PUB,2016
3201,KABUPATEN BOGOR,1,Museum,2016
3201,KABUPATEN BOGOR,1,Bioskop,2016
3201,KABUPATEN BOGOR,22,Billiard,2016
3201,KABUPATEN BOGOR,0,DISKOTIK,2016
3201,KABUPATEN BOGOR,0,NIGHT CLUB,2016
3201,KABUPATEN BOGOR,0,KARAOKE/BAR,2016
3201,KABUPATEN BOGOR,43,PANTI PIJAT,2016
3201,KABUPATEN BOGOR,0,Wisata Tirta,2016
3201,KABUPATEN BOGOR,0,Bar,2017
3201,KABUPATEN BOGOR,0,PUB,2017
3201,KABUPATEN BOGOR,11,Museum,2017
3201,KABUPATEN BOGOR,3,Bioskop,2017
3201,KABUPATEN BOGOR,22,Billiard,2017
3201,KABUPATEN BOGOR,0,DISKOTIK,2017
3201,KABUPATEN BOGOR,0,NIGHT CLUB,2017
3201,KABUPATEN BOGOR,0,KARAOKE/BAR,2017
3201,KABUPATEN BOGOR,43,PANTI PIJAT,2017
3201,KABUPATEN BOGOR,1,Wisata Tirta,2017
3201,KABUPATEN BOGOR,0,Bar,2018
3201,KABUPATEN BOGOR,0,PUB,2018
3201,KABUPATEN BOGOR,1,Museum,2018
3201,KABUPATEN BOGOR,0,Bioskop,2018
3201,KABUPATEN BOGOR,0,Billiard,2018
3201,KABUPATEN BOGOR,0,DISKOTIK,2018
3201,KABUPATEN BOGOR,0,NIGHT CLUB,2018
3201,KABUPATEN BOGOR,0,KARAOKE/BAR,2018
3201,KABUPATEN BOGOR,0,PANTI PIJAT,2018
3201,KABUPATEN BOGOR,0,Wisata Tirta,2018
3201,KABUPATEN BOGOR,0,Bar,2019
3201,KABUPATEN BOGOR,0,PUB,2019
3201,KABUPATEN BOGOR,1,Museum,2019
3201,KABUPATEN BOGOR,3,Bioskop,2019
3201,KABUPATEN BOGOR,0,Billiard,2019
3201,KABUPATEN BOGOR,0,DISKOTIK,2019
3201,KABUPATEN BOGOR,0,NIGHT CLUB,2019
3201,KABUPATEN BOGOR,9,KARAOKE/BAR,2019
3201,KABUPATEN BOGOR,100,PANTI PIJAT,2019
3201,KABUPATEN BOGOR,22,Wisata Tirta,2019
3201,KABUPATEN BOGOR,0,Bar,2020
3201,KABUPATEN BOGOR,0,PUB,2020
3201,KABUPATEN BOGOR,1,Museum,2020
3201,KABUPATEN BOGOR,3,Bioskop,2020
3201,KABUPATEN BOGOR,0,Billiard,2020
3201,KABUPATEN BOGOR,0,DISKOTIK,2020
3201,KABUPATEN BOGOR,0,NIGHT CLUB,2020
3201,KABUPATEN BOGOR,9,KARAOKE/BAR,2020
3201,KABUPATEN BOGOR,100,PANTI PIJAT,2020
3201,KABUPATEN BOGOR,22,Wisata Tirta,2020
3201,KABUPATEN BOGOR,0,Bar,2021
3201,KABUPATEN BOGOR,0,PUB,2021
3201,KABUPATEN BOGOR,5,Bioskop,2021
3201,KABUPATEN BOGOR,0,Billiard,2021
3201,KABUPATEN BOGOR,0,DISKOTIK,2021
3201,KABUPATEN BOGOR,0,NIGHT CLUB,2021
3201,KABUPATEN BOGOR,7,KARAOKE/BAR,2021
3201,KABUPATEN BOGOR,22,PANTI PIJAT,2021
3201,KABUPATEN BOGOR,26,Wisata Tirta,2021
3202,KABUPATEN SUKABUMI,0,Bar,2014
3202,KABUPATEN SUKABUMI,0,PUB,2014
3202,KABUPATEN SUKABUMI,1,Museum,2014
3202,KABUPATEN SUKABUMI,0,Bioskop,2014
3202,KABUPATEN SUKABUMI,4,Billiard,2014
3202,KABUPATEN SUKABUMI,0,DISKOTIK,2014
3202,KABUPATEN SUKABUMI,0,NIGHT CLUB,2014
3202,KABUPATEN SUKABUMI,0,KARAOKE/BAR,2014
3202,KABUPATEN SUKABUMI,0,PANTI PIJAT,2014
3202,KABUPATEN SUKABUMI,2,Wisata Tirta,2014
3202,KABUPATEN SUKABUMI,0,Bar,2015
3202,KABUPATEN SUKABUMI,0,PUB,2015
3202,KABUPATEN SUKABUMI,0,Museum,2015
3202,KABUPATEN SUKABUMI,0,Bioskop,2015
3202,KABUPATEN SUKABUMI,4,Billiard,2015
3202,KABUPATEN SUKABUMI,0,DISKOTIK,2015
3202,KABUPATEN SUKABUMI,0,NIGHT CLUB,2015
3202,KABUPATEN SUKABUMI,0,KARAOKE/BAR,2015
3202,KABUPATEN SUKABUMI,0,PANTI PIJAT,2015
3202,KABUPATEN SUKABUMI,2,Wisata Tirta,2015
3202,KABUPATEN SUKABUMI,0,Bar,2016
3202,KABUPATEN SUKABUMI,0,PUB,2016
3202,KABUPATEN SUKABUMI,1,Museum,2016
3202,KABUPATEN SUKABUMI,0,Bioskop,2016
3202,KABUPATEN SUKABUMI,4,Billiard,2016
3202,KABUPATEN SUKABUMI,0,DISKOTIK,2016
3202,KABUPATEN SUKABUMI,0,NIGHT CLUB,2016
3202,KABUPATEN SUKABUMI,0,KARAOKE/BAR,2016
3202,KABUPATEN SUKABUMI,0,PANTI PIJAT,2016
3202,KABUPATEN SUKABUMI,2,Wisata Tirta,2016
3202,KABUPATEN SUKABUMI,0,Bar,2017
3202,KABUPATEN SUKABUMI,0,PUB,2017
3202,KABUPATEN SUKABUMI,4,Museum,2017
3202,KABUPATEN SUKABUMI,0,Bioskop,2017
3202,KABUPATEN SUKABUMI,4,Billiard,2017
3202,KABUPATEN SUKABUMI,0,DISKOTIK,2017
3202,KABUPATEN SUKABUMI,0,NIGHT CLUB,2017
3202,KABUPATEN SUKABUMI,0,KARAOKE/BAR,2017
3202,KABUPATEN SUKABUMI,0,PANTI PIJAT,2017
3202,KABUPATEN SUKABUMI,2,Wisata Tirta,2017
3202,KABUPATEN SUKABUMI,0,Bar,2018
3202,KABUPATEN SUKABUMI,0,PUB,2018
3202,KABUPATEN SUKABUMI,1,Museum,2018
3202,KABUPATEN SUKABUMI,0,Bioskop,2018
3202,KABUPATEN SUKABUMI,0,Billiard,2018
3202,KABUPATEN SUKABUMI,0,DISKOTIK,2018
3202,KABUPATEN SUKABUMI,0,NIGHT CLUB,2018
3202,KABUPATEN SUKABUMI,0,KARAOKE/BAR,2018
3202,KABUPATEN SUKABUMI,0,PANTI PIJAT,2018
3202,KABUPATEN SUKABUMI,0,Wisata Tirta,2018
3202,KABUPATEN SUKABUMI,0,Bar,2019
3202,KABUPATEN SUKABUMI,0,PUB,2019
3202,KABUPATEN SUKABUMI,1,Museum,2019
3202,KABUPATEN SUKABUMI,0,Bioskop,2019
3202,KABUPATEN SUKABUMI,1,Billiard,2019
3202,KABUPATEN SUKABUMI,0,DISKOTIK,2019
3202,KABUPATEN SUKABUMI,0,NIGHT CLUB,2019
3202,KABUPATEN SUKABUMI,2,KARAOKE/BAR,2019
3202,KABUPATEN SUKABUMI,0,PANTI PIJAT,2019
3202,KABUPATEN SUKABUMI,7,Wisata Tirta,2019
3202,KABUPATEN SUKABUMI,0,Bar,2020
3202,KABUPATEN SUKABUMI,0,PUB,2020
3202,KABUPATEN SUKABUMI,1,Museum,2020
3202,KABUPATEN SUKABUMI,0,Bioskop,2020
3202,KABUPATEN SUKABUMI,1,Billiard,2020
3202,KABUPATEN SUKABUMI,0,DISKOTIK,2020
3202,KABUPATEN SUKABUMI,0,NIGHT CLUB,2020
3202,KABUPATEN SUKABUMI,2,KARAOKE/BAR,2020
3202,KABUPATEN SUKABUMI,0,PANTI PIJAT,2020
3202,KABUPATEN SUKABUMI,7,Wisata Tirta,2020
3202,KABUPATEN SUKABUMI,0,Bar,2021
3202,KABUPATEN SUKABUMI,0,PUB,2021
3202,KABUPATEN SUKABUMI,0,Bioskop,2021
3202,KABUPATEN SUKABUMI,1,Billiard,2021
3202,KABUPATEN SUKABUMI,0,DISKOTIK,2021
3202,KABUPATEN SUKABUMI,0,NIGHT CLUB,2021
3202,KABUPATEN SUKABUMI,2,KARAOKE/BAR,2021
3202,KABUPATEN SUKABUMI,0,PANTI PIJAT,2021
3202,KABUPATEN SUKABUMI,7,Wisata Tirta,2021
3203,KABUPATEN CIANJUR,0,Bar,2014
3203,KABUPATEN CIANJUR,0,PUB,2014
3203,KABUPATEN CIANJUR,0,Museum,2014
3203,KABUPATEN CIANJUR,0,Bioskop,2014
3203,KABUPATEN CIANJUR,5,Billiard,2014
3203,KABUPATEN CIANJUR,2,DISKOTIK,2014
3203,KABUPATEN CIANJUR,0,NIGHT CLUB,2014
3203,KABUPATEN CIANJUR,7,KARAOKE/BAR,2014
3203,KABUPATEN CIANJUR,0,PANTI PIJAT,2014
3203,KABUPATEN CIANJUR,0,Wisata Tirta,2014
3203,KABUPATEN CIANJUR,0,Bar,2015
3203,KABUPATEN CIANJUR,0,PUB,2015
3203,KABUPATEN CIANJUR,1,Museum,2015
3203,KABUPATEN CIANJUR,0,Bioskop,2015
3203,KABUPATEN CIANJUR,5,Billiard,2015
3203,KABUPATEN CIANJUR,2,DISKOTIK,2015
3203,KABUPATEN CIANJUR,0,NIGHT CLUB,2015
3203,KABUPATEN CIANJUR,8,KARAOKE/BAR,2015
3203,KABUPATEN CIANJUR,0,PANTI PIJAT,2015
3203,KABUPATEN CIANJUR,7,Wisata Tirta,2015
3203,KABUPATEN CIANJUR,0,Bar,2016
3203,KABUPATEN CIANJUR,0,PUB,2016
3203,KABUPATEN CIANJUR,1,Museum,2016
3203,KABUPATEN CIANJUR,0,Bioskop,2016
3203,KABUPATEN CIANJUR,5,Billiard,2016
3203,KABUPATEN CIANJUR,2,DISKOTIK,2016
3203,KABUPATEN CIANJUR,0,NIGHT CLUB,2016
3203,KABUPATEN CIANJUR,8,KARAOKE/BAR,2016
3203,KABUPATEN CIANJUR,0,PANTI PIJAT,2016
3203,KABUPATEN CIANJUR,7,Wisata Tirta,2016
3203,KABUPATEN CIANJUR,0,Bar,2017
3203,KABUPATEN CIANJUR,0,PUB,2017
3203,KABUPATEN CIANJUR,1,Museum,2017
3203,KABUPATEN CIANJUR,0,Bioskop,2017
3203,KABUPATEN CIANJUR,5,Billiard,2017
3203,KABUPATEN CIANJUR,2,DISKOTIK,2017
3203,KABUPATEN CIANJUR,0,NIGHT CLUB,2017
3203,KABUPATEN CIANJUR,8,KARAOKE/BAR,2017
3203,KABUPATEN CIANJUR,0,PANTI PIJAT,2017
3203,KABUPATEN CIANJUR,7,Wisata Tirta,2017
3203,KABUPATEN CIANJUR,0,Bar,2018
3203,KABUPATEN CIANJUR,0,PUB,2018
3203,KABUPATEN CIANJUR,0,Museum,2018
3203,KABUPATEN CIANJUR,0,Bioskop,2018
3203,KABUPATEN CIANJUR,5,Billiard,2018
3203,KABUPATEN CIANJUR,0,DISKOTIK,2018
3203,KABUPATEN CIANJUR,0,NIGHT CLUB,2018
3203,KABUPATEN CIANJUR,12,KARAOKE/BAR,2018
3203,KABUPATEN CIANJUR,0,PANTI PIJAT,2018
3203,KABUPATEN CIANJUR,7,Wisata Tirta,2018
3203,KABUPATEN CIANJUR,0,Bar,2019
3203,KABUPATEN CIANJUR,0,PUB,2019
3203,KABUPATEN CIANJUR,0,Museum,2019
3203,KABUPATEN CIANJUR,0,Bioskop,2019
3203,KABUPATEN CIANJUR,0,Billiard,2019
3203,KABUPATEN CIANJUR,0,DISKOTIK,2019
3203,KABUPATEN CIANJUR,0,NIGHT CLUB,2019
3203,KABUPATEN CIANJUR,12,KARAOKE/BAR,2019
3203,KABUPATEN CIANJUR,0,PANTI PIJAT,2019
3203,KABUPATEN CIANJUR,7,Wisata Tirta,2019
3203,KABUPATEN CIANJUR,0,Bar,2020
3203,KABUPATEN CIANJUR,0,PUB,2020
3203,KABUPATEN CIANJUR,0,Museum,2020
3203,KABUPATEN CIANJUR,0,Bioskop,2020
3203,KABUPATEN CIANJUR,5,Billiard,2020
3203,KABUPATEN CIANJUR,0,DISKOTIK,2020
3203,KABUPATEN CIANJUR,0,NIGHT CLUB,2020
3203,KABUPATEN CIANJUR,12,KARAOKE/BAR,2020
3203,KABUPATEN CIANJUR,0,PANTI PIJAT,2020
3203,KABUPATEN CIANJUR,7,Wisata Tirta,2020
3203,KABUPATEN CIANJUR,0,Bar,2021
3203,KABUPATEN CIANJUR,0,PUB,2021
3203,KABUPATEN CIANJUR,0,Bioskop,2021
3203,KABUPATEN CIANJUR,5,Billiard,2021
3203,KABUPATEN CIANJUR,0,DISKOTIK,2021
3203,KABUPATEN CIANJUR,0,NIGHT CLUB,2021
3203,KABUPATEN CIANJUR,12,KARAOKE/BAR,2021
3203,KABUPATEN CIANJUR,0,PANTI PIJAT,2021
3203,KABUPATEN CIANJUR,7,Wisata Tirta,2021
3204,KABUPATEN BANDUNG,0,Bar,2014
3204,KABUPATEN BANDUNG,0,PUB,2014
3204,KABUPATEN BANDUNG,0,Museum,2014
3204,KABUPATEN BANDUNG,0,Bioskop,2014
3204,KABUPATEN BANDUNG,0,Billiard,2014
3204,KABUPATEN BANDUNG,0,DISKOTIK,2014
3204,KABUPATEN BANDUNG,0,NIGHT CLUB,2014
3204,KABUPATEN BANDUNG,1,KARAOKE/BAR,2014
3204,KABUPATEN BANDUNG,0,PANTI PIJAT,2014
3204,KABUPATEN BANDUNG,2,Wisata Tirta,2014
3204,KABUPATEN BANDUNG,0,Bar,2015
3204,KABUPATEN BANDUNG,0,PUB,2015
3204,KABUPATEN BANDUNG,0,Museum,2015
3204,KABUPATEN BANDUNG,0,Bioskop,2015
3204,KABUPATEN BANDUNG,0,Billiard,2015
3204,KABUPATEN BANDUNG,0,DISKOTIK,2015
3204,KABUPATEN BANDUNG,0,NIGHT CLUB,2015
3204,KABUPATEN BANDUNG,1,KARAOKE/BAR,2015
3204,KABUPATEN BANDUNG,0,PANTI PIJAT,2015
3204,KABUPATEN BANDUNG,2,Wisata Tirta,2015
3204,KABUPATEN BANDUNG,0,Bar,2016
3204,KABUPATEN BANDUNG,0,PUB,2016
3204,KABUPATEN BANDUNG,0,Museum,2016
3204,KABUPATEN BANDUNG,0,Bioskop,2016
3204,KABUPATEN BANDUNG,0,Billiard,2016
3204,KABUPATEN BANDUNG,0,DISKOTIK,2016
3204,KABUPATEN BANDUNG,0,NIGHT CLUB,2016
3204,KABUPATEN BANDUNG,1,KARAOKE/BAR,2016
3204,KABUPATEN BANDUNG,0,PANTI PIJAT,2016
3204,KABUPATEN BANDUNG,2,Wisata Tirta,2016
3204,KABUPATEN BANDUNG,0,Bar,2017
3204,KABUPATEN BANDUNG,0,PUB,2017
3204,KABUPATEN BANDUNG,1,Museum,2017
3204,KABUPATEN BANDUNG,0,Bioskop,2017
3204,KABUPATEN BANDUNG,0,Billiard,2017
3204,KABUPATEN BANDUNG,0,DISKOTIK,2017
3204,KABUPATEN BANDUNG,0,NIGHT CLUB,2017
3204,KABUPATEN BANDUNG,1,KARAOKE/BAR,2017
3204,KABUPATEN BANDUNG,0,PANTI PIJAT,2017
3204,KABUPATEN BANDUNG,2,Wisata Tirta,2017
3204,KABUPATEN BANDUNG,0,Bar,2018
3204,KABUPATEN BANDUNG,0,PUB,2018
3204,KABUPATEN BANDUNG,1,Museum,2018
3204,KABUPATEN BANDUNG,1,Bioskop,2018
3204,KABUPATEN BANDUNG,0,Billiard,2018
3204,KABUPATEN BANDUNG,0,DISKOTIK,2018
3204,KABUPATEN BANDUNG,0,NIGHT CLUB,2018
3204,KABUPATEN BANDUNG,1,KARAOKE/BAR,2018
3204,KABUPATEN BANDUNG,0,PANTI PIJAT,2018
3204,KABUPATEN BANDUNG,28,Wisata Tirta,2018
3204,KABUPATEN BANDUNG,0,Bar,2019
3204,KABUPATEN BANDUNG,0,PUB,2019
3204,KABUPATEN BANDUNG,1,Museum,2019
3204,KABUPATEN BANDUNG,0,Bioskop,2019
3204,KABUPATEN BANDUNG,0,Billiard,2019
3204,KABUPATEN BANDUNG,0,DISKOTIK,2019
3204,KABUPATEN BANDUNG,0,NIGHT CLUB,2019
3204,KABUPATEN BANDUNG,0,KARAOKE/BAR,2019
3204,KABUPATEN BANDUNG,0,PANTI PIJAT,2019
3204,KABUPATEN BANDUNG,28,Wisata Tirta,2019
3204,KABUPATEN BANDUNG,0,Bar,2020
3204,KABUPATEN BANDUNG,0,PUB,2020
3204,KABUPATEN BANDUNG,1,Museum,2020
3204,KABUPATEN BANDUNG,1,Bioskop,2020
3204,KABUPATEN BANDUNG,0,Billiard,2020
3204,KABUPATEN BANDUNG,0,DISKOTIK,2020
3204,KABUPATEN BANDUNG,0,NIGHT CLUB,2020
3204,KABUPATEN BANDUNG,0,KARAOKE/BAR,2020
3204,KABUPATEN BANDUNG,0,PANTI PIJAT,2020
3204,KABUPATEN BANDUNG,28,Wisata Tirta,2020
3204,KABUPATEN BANDUNG,0,Bar,2021
3204,KABUPATEN BANDUNG,0,PUB,2021
3204,KABUPATEN BANDUNG,2,Bioskop,2021
3204,KABUPATEN BANDUNG,0,Billiard,2021
3204,KABUPATEN BANDUNG,0,DISKOTIK,2021
3204,KABUPATEN BANDUNG,0,NIGHT CLUB,2021
3204,KABUPATEN BANDUNG,0,KARAOKE/BAR,2021
3204,KABUPATEN BANDUNG,0,PANTI PIJAT,2021
3204,KABUPATEN BANDUNG,20,Wisata Tirta,2021
3205,KABUPATEN GARUT,0,Bar,2014
3205,KABUPATEN GARUT,0,PUB,2014
3205,KABUPATEN GARUT,2,Museum,2014
3205,KABUPATEN GARUT,1,Bioskop,2014
3205,KABUPATEN GARUT,2,Billiard,2014
3205,KABUPATEN GARUT,0,DISKOTIK,2014
3205,KABUPATEN GARUT,0,NIGHT CLUB,2014
3205,KABUPATEN GARUT,1,KARAOKE/BAR,2014
3205,KABUPATEN GARUT,0,PANTI PIJAT,2014
3205,KABUPATEN GARUT,0,Wisata Tirta,2014
3205,KABUPATEN GARUT,0,Bar,2015
3205,KABUPATEN GARUT,0,PUB,2015
3205,KABUPATEN GARUT,2,Museum,2015
3205,KABUPATEN GARUT,1,Bioskop,2015
3205,KABUPATEN GARUT,2,Billiard,2015
3205,KABUPATEN GARUT,0,DISKOTIK,2015
3205,KABUPATEN GARUT,0,NIGHT CLUB,2015
3205,KABUPATEN GARUT,1,KARAOKE/BAR,2015
3205,KABUPATEN GARUT,0,PANTI PIJAT,2015
3205,KABUPATEN GARUT,0,Wisata Tirta,2015
3205,KABUPATEN GARUT,0,Bar,2016
3205,KABUPATEN GARUT,0,PUB,2016
3205,KABUPATEN GARUT,1,Museum,2016
3205,KABUPATEN GARUT,0,Bioskop,2016
3205,KABUPATEN GARUT,2,Billiard,2016
3205,KABUPATEN GARUT,0,DISKOTIK,2016
3205,KABUPATEN GARUT,0,NIGHT CLUB,2016
3205,KABUPATEN GARUT,1,KARAOKE/BAR,2016
3205,KABUPATEN GARUT,0,PANTI PIJAT,2016
3205,KABUPATEN GARUT,0,Wisata Tirta,2016
3205,KABUPATEN GARUT,0,Bar,2017
3205,KABUPATEN GARUT,0,PUB,2017
3205,KABUPATEN GARUT,1,Museum,2017
3205,KABUPATEN GARUT,0,Bioskop,2017
3205,KABUPATEN GARUT,2,Billiard,2017
3205,KABUPATEN GARUT,0,DISKOTIK,2017
3205,KABUPATEN GARUT,0,NIGHT CLUB,2017
3205,KABUPATEN GARUT,1,KARAOKE/BAR,2017
3205,KABUPATEN GARUT,0,PANTI PIJAT,2017
3205,KABUPATEN GARUT,0,Wisata Tirta,2017
3205,KABUPATEN GARUT,0,Bar,2018
3205,KABUPATEN GARUT,0,PUB,2018
3205,KABUPATEN GARUT,1,Museum,2018
3205,KABUPATEN GARUT,1,Bioskop,2018
3205,KABUPATEN GARUT,5,Billiard,2018
3205,KABUPATEN GARUT,0,DISKOTIK,2018
3205,KABUPATEN GARUT,0,NIGHT CLUB,2018
3205,KABUPATEN GARUT,15,KARAOKE/BAR,2018
3205,KABUPATEN GARUT,0,PANTI PIJAT,2018
3205,KABUPATEN GARUT,25,Wisata Tirta,2018
3205,KABUPATEN GARUT,0,Bar,2019
3205,KABUPATEN GARUT,0,PUB,2019
3205,KABUPATEN GARUT,2,Museum,2019
3205,KABUPATEN GARUT,1,Bioskop,2019
3205,KABUPATEN GARUT,3,Billiard,2019
3205,KABUPATEN GARUT,0,DISKOTIK,2019
3205,KABUPATEN GARUT,0,NIGHT CLUB,2019
3205,KABUPATEN GARUT,15,KARAOKE/BAR,2019
3205,KABUPATEN GARUT,0,PANTI PIJAT,2019
3205,KABUPATEN GARUT,27,Wisata Tirta,2019
3205,KABUPATEN GARUT,0,Bar,2020
3205,KABUPATEN GARUT,0,PUB,2020
3205,KABUPATEN GARUT,2,Museum,2020
3205,KABUPATEN GARUT,1,Bioskop,2020
3205,KABUPATEN GARUT,3,Billiard,2020
3205,KABUPATEN GARUT,0,DISKOTIK,2020
3205,KABUPATEN GARUT,0,NIGHT CLUB,2020
3205,KABUPATEN GARUT,15,KARAOKE/BAR,2020
3205,KABUPATEN GARUT,0,PANTI PIJAT,2020
3205,KABUPATEN GARUT,77,Wisata Tirta,2020
3205,KABUPATEN GARUT,0,Bar,2021
3205,KABUPATEN GARUT,0,PUB,2021
3205,KABUPATEN GARUT,1,Bioskop,2021
3205,KABUPATEN GARUT,3,Billiard,2021
3205,KABUPATEN GARUT,0,DISKOTIK,2021
3205,KABUPATEN GARUT,0,NIGHT CLUB,2021
3205,KABUPATEN GARUT,5,KARAOKE/BAR,2021
3205,KABUPATEN GARUT,0,PANTI PIJAT,2021
3205,KABUPATEN GARUT,77,Wisata Tirta,2021
3206,KABUPATEN TASIKMALAYA,0,Bar,2014
3206,KABUPATEN TASIKMALAYA,0,PUB,2014
3206,KABUPATEN TASIKMALAYA,1,Museum,2014
3206,KABUPATEN TASIKMALAYA,0,Bioskop,2014
3206,KABUPATEN TASIKMALAYA,0,Billiard,2014
3206,KABUPATEN TASIKMALAYA,0,DISKOTIK,2014
3206,KABUPATEN TASIKMALAYA,0,NIGHT CLUB,2014
3206,KABUPATEN TASIKMALAYA,0,KARAOKE/BAR,2014
3206,KABUPATEN TASIKMALAYA,0,PANTI PIJAT,2014
3206,KABUPATEN TASIKMALAYA,0,Wisata Tirta,2014
3206,KABUPATEN TASIKMALAYA,0,Bar,2015
3206,KABUPATEN TASIKMALAYA,0,PUB,2015
3206,KABUPATEN TASIKMALAYA,0,Museum,2015
3206,KABUPATEN TASIKMALAYA,0,Bioskop,2015
3206,KABUPATEN TASIKMALAYA,0,Billiard,2015
3206,KABUPATEN TASIKMALAYA,0,DISKOTIK,2015
3206,KABUPATEN TASIKMALAYA,0,NIGHT CLUB,2015
3206,KABUPATEN TASIKMALAYA,0,KARAOKE/BAR,2015
3206,KABUPATEN TASIKMALAYA,0,PANTI PIJAT,2015
3206,KABUPATEN TASIKMALAYA,0,Wisata Tirta,2015
3206,KABUPATEN TASIKMALAYA,0,Bar,2016
3206,KABUPATEN TASIKMALAYA,0,PUB,2016
3206,KABUPATEN TASIKMALAYA,1,Museum,2016
3206,KABUPATEN TASIKMALAYA,0,Bioskop,2016
3206,KABUPATEN TASIKMALAYA,0,Billiard,2016
3206,KABUPATEN TASIKMALAYA,0,DISKOTIK,2016
3206,KABUPATEN TASIKMALAYA,0,NIGHT CLUB,2016
3206,KABUPATEN TASIKMALAYA,0,KARAOKE/BAR,2016
3206,KABUPATEN TASIKMALAYA,0,PANTI PIJAT,2016
3206,KABUPATEN TASIKMALAYA,0,Wisata Tirta,2016
3206,KABUPATEN TASIKMALAYA,0,Bar,2017
3206,KABUPATEN TASIKMALAYA,0,PUB,2017
3206,KABUPATEN TASIKMALAYA,1,Museum,2017
3206,KABUPATEN TASIKMALAYA,0,Bioskop,2017
3206,KABUPATEN TASIKMALAYA,0,Billiard,2017
3206,KABUPATEN TASIKMALAYA,0,DISKOTIK,2017
3206,KABUPATEN TASIKMALAYA,0,NIGHT CLUB,2017
3206,KABUPATEN TASIKMALAYA,0,KARAOKE/BAR,2017
3206,KABUPATEN TASIKMALAYA,0,PANTI PIJAT,2017
3206,KABUPATEN TASIKMALAYA,0,Wisata Tirta,2017
3206,KABUPATEN TASIKMALAYA,0,Bar,2018
3206,KABUPATEN TASIKMALAYA,0,PUB,2018
3206,KABUPATEN TASIKMALAYA,1,Museum,2018
3206,KABUPATEN TASIKMALAYA,1,Bioskop,2018
3206,KABUPATEN TASIKMALAYA,0,Billiard,2018
3206,KABUPATEN TASIKMALAYA,0,DISKOTIK,2018
3206,KABUPATEN TASIKMALAYA,0,NIGHT CLUB,2018
3206,KABUPATEN TASIKMALAYA,0,KARAOKE/BAR,2018
3206,KABUPATEN TASIKMALAYA,0,PANTI PIJAT,2018
3206,KABUPATEN TASIKMALAYA,0,Wisata Tirta,2018
3206,KABUPATEN TASIKMALAYA,0,Bar,2019
3206,KABUPATEN TASIKMALAYA,0,PUB,2019
3206,KABUPATEN TASIKMALAYA,1,Museum,2019
3206,KABUPATEN TASIKMALAYA,1,Bioskop,2019
3206,KABUPATEN TASIKMALAYA,0,Billiard,2019
3206,KABUPATEN TASIKMALAYA,0,DISKOTIK,2019
3206,KABUPATEN TASIKMALAYA,0,NIGHT CLUB,2019
3206,KABUPATEN TASIKMALAYA,0,KARAOKE/BAR,2019
3206,KABUPATEN TASIKMALAYA,0,PANTI PIJAT,2019
3206,KABUPATEN TASIKMALAYA,0,Wisata Tirta,2019
3206,KABUPATEN TASIKMALAYA,0,Bar,2020
3206,KABUPATEN TASIKMALAYA,0,PUB,2020
3206,KABUPATEN TASIKMALAYA,1,Museum,2020
3206,KABUPATEN TASIKMALAYA,0,Bioskop,2020
3206,KABUPATEN TASIKMALAYA,0,Billiard,2020
3206,KABUPATEN TASIKMALAYA,0,DISKOTIK,2020
3206,KABUPATEN TASIKMALAYA,0,NIGHT CLUB,2020
3206,KABUPATEN TASIKMALAYA,0,KARAOKE/BAR,2020
3206,KABUPATEN TASIKMALAYA,0,PANTI PIJAT,2020
3206,KABUPATEN TASIKMALAYA,0,Wisata Tirta,2020
3206,KABUPATEN TASIKMALAYA,0,Bar,2021
3206,KABUPATEN TASIKMALAYA,0,PUB,2021
3206,KABUPATEN TASIKMALAYA,0,Bioskop,2021
3206,KABUPATEN TASIKMALAYA,0,Billiard,2021
3206,KABUPATEN TASIKMALAYA,0,DISKOTIK,2021
3206,KABUPATEN TASIKMALAYA,0,NIGHT CLUB,2021
3206,KABUPATEN TASIKMALAYA,0,KARAOKE/BAR,2021
3206,KABUPATEN TASIKMALAYA,0,PANTI PIJAT,2021
3206,KABUPATEN TASIKMALAYA,0,Wisata Tirta,2021
3207,KABUPATEN CIAMIS,0,Bar,2014
3207,KABUPATEN CIAMIS,0,PUB,2014
3207,KABUPATEN CIAMIS,6,Museum,2014
3207,KABUPATEN CIAMIS,0,Bioskop,2014
3207,KABUPATEN CIAMIS,0,Billiard,2014
3207,KABUPATEN CIAMIS,0,DISKOTIK,2014
3207,KABUPATEN CIAMIS,0,NIGHT CLUB,2014
3207,KABUPATEN CIAMIS,0,KARAOKE/BAR,2014
3207,KABUPATEN CIAMIS,0,PANTI PIJAT,2014
3207,KABUPATEN CIAMIS,0,Wisata Tirta,2014
3207,KABUPATEN CIAMIS,0,Bar,2015
3207,KABUPATEN CIAMIS,0,PUB,2015
3207,KABUPATEN CIAMIS,2,Museum,2015
3207,KABUPATEN CIAMIS,0,Bioskop,2015
3207,KABUPATEN CIAMIS,0,Billiard,2015
3207,KABUPATEN CIAMIS,0,DISKOTIK,2015
3207,KABUPATEN CIAMIS,0,NIGHT CLUB,2015
3207,KABUPATEN CIAMIS,0,KARAOKE/BAR,2015
3207,KABUPATEN CIAMIS,0,PANTI PIJAT,2015
3207,KABUPATEN CIAMIS,2,Wisata Tirta,2015
3207,KABUPATEN CIAMIS,0,Bar,2016
3207,KABUPATEN CIAMIS,0,PUB,2016
3207,KABUPATEN CIAMIS,8,Museum,2016
3207,KABUPATEN CIAMIS,0,Bioskop,2016
3207,KABUPATEN CIAMIS,0,Billiard,2016
3207,KABUPATEN CIAMIS,0,DISKOTIK,2016
3207,KABUPATEN CIAMIS,0,NIGHT CLUB,2016
3207,KABUPATEN CIAMIS,3,KARAOKE/BAR,2016
3207,KABUPATEN CIAMIS,0,PANTI PIJAT,2016
3207,KABUPATEN CIAMIS,3,Wisata Tirta,2016
3207,KABUPATEN CIAMIS,0,Bar,2017
3207,KABUPATEN CIAMIS,0,PUB,2017
3207,KABUPATEN CIAMIS,8,Museum,2017
3207,KABUPATEN CIAMIS,0,Bioskop,2017
3207,KABUPATEN CIAMIS,0,Billiard,2017
3207,KABUPATEN CIAMIS,0,DISKOTIK,2017
3207,KABUPATEN CIAMIS,0,NIGHT CLUB,2017
3207,KABUPATEN CIAMIS,3,KARAOKE/BAR,2017
3207,KABUPATEN CIAMIS,0,PANTI PIJAT,2017
3207,KABUPATEN CIAMIS,3,Wisata Tirta,2017
3207,KABUPATEN CIAMIS,0,Bar,2018
3207,KABUPATEN CIAMIS,0,PUB,2018
3207,KABUPATEN CIAMIS,11,Museum,2018
3207,KABUPATEN CIAMIS,1,Bioskop,2018
3207,KABUPATEN CIAMIS,0,Billiard,2018
3207,KABUPATEN CIAMIS,0,DISKOTIK,2018
3207,KABUPATEN CIAMIS,0,NIGHT CLUB,2018
3207,KABUPATEN CIAMIS,3,KARAOKE/BAR,2018
3207,KABUPATEN CIAMIS,0,PANTI PIJAT,2018
3207,KABUPATEN CIAMIS,4,Wisata Tirta,2018
3207,KABUPATEN CIAMIS,0,Bar,2019
3207,KABUPATEN CIAMIS,0,PUB,2019
3207,KABUPATEN CIAMIS,11,Museum,2019
3207,KABUPATEN CIAMIS,1,Bioskop,2019
3207,KABUPATEN CIAMIS,0,Billiard,2019
3207,KABUPATEN CIAMIS,0,DISKOTIK,2019
3207,KABUPATEN CIAMIS,0,NIGHT CLUB,2019
3207,KABUPATEN CIAMIS,3,KARAOKE/BAR,2019
3207,KABUPATEN CIAMIS,0,PANTI PIJAT,2019
3207,KABUPATEN CIAMIS,5,Wisata Tirta,2019
3207,KABUPATEN CIAMIS,0,Bar,2020
3207,KABUPATEN CIAMIS,0,PUB,2020
3207,KABUPATEN CIAMIS,11,Museum,2020
3207,KABUPATEN CIAMIS,1,Bioskop,2020
3207,KABUPATEN CIAMIS,0,Billiard,2020
3207,KABUPATEN CIAMIS,0,DISKOTIK,2020
3207,KABUPATEN CIAMIS,0,NIGHT CLUB,2020
3207,KABUPATEN CIAMIS,2,KARAOKE/BAR,2020
3207,KABUPATEN CIAMIS,0,PANTI PIJAT,2020
3207,KABUPATEN CIAMIS,19,Wisata Tirta,2020
3207,KABUPATEN CIAMIS,0,Bar,2021
3207,KABUPATEN CIAMIS,0,PUB,2021
3207,KABUPATEN CIAMIS,1,Bioskop,2021
3207,KABUPATEN CIAMIS,0,Billiard,2021
3207,KABUPATEN CIAMIS,0,DISKOTIK,2021
3207,KABUPATEN CIAMIS,0,NIGHT CLUB,2021
3207,KABUPATEN CIAMIS,2,KARAOKE/BAR,2021
3207,KABUPATEN CIAMIS,0,PANTI PIJAT,2021
3207,KABUPATEN CIAMIS,1,Wisata Tirta,2021
3208,KABUPATEN KUNINGAN,0,Bar,2014
3208,KABUPATEN KUNINGAN,0,PUB,2014
3208,KABUPATEN KUNINGAN,2,Museum,2014
3208,KABUPATEN KUNINGAN,0,Bioskop,2014
3208,KABUPATEN KUNINGAN,1,Billiard,2014
3208,KABUPATEN KUNINGAN,0,DISKOTIK,2014
3208,KABUPATEN KUNINGAN,0,NIGHT CLUB,2014
3208,KABUPATEN KUNINGAN,0,KARAOKE/BAR,2014
3208,KABUPATEN KUNINGAN,0,PANTI PIJAT,2014
3208,KABUPATEN KUNINGAN,0,Wisata Tirta,2014
3208,KABUPATEN KUNINGAN,0,Bar,2015
3208,KABUPATEN KUNINGAN,0,PUB,2015
3208,KABUPATEN KUNINGAN,26,Museum,2015
3208,KABUPATEN KUNINGAN,0,Bioskop,2015
3208,KABUPATEN KUNINGAN,1,Billiard,2015
3208,KABUPATEN KUNINGAN,0,DISKOTIK,2015
3208,KABUPATEN KUNINGAN,0,NIGHT CLUB,2015
3208,KABUPATEN KUNINGAN,0,KARAOKE/BAR,2015
3208,KABUPATEN KUNINGAN,0,PANTI PIJAT,2015
3208,KABUPATEN KUNINGAN,0,Wisata Tirta,2015
3208,KABUPATEN KUNINGAN,0,Bar,2016
3208,KABUPATEN KUNINGAN,0,PUB,2016
3208,KABUPATEN KUNINGAN,2,Museum,2016
3208,KABUPATEN KUNINGAN,0,Bioskop,2016
3208,KABUPATEN KUNINGAN,1,Billiard,2016
3208,KABUPATEN KUNINGAN,0,DISKOTIK,2016
3208,KABUPATEN KUNINGAN,0,NIGHT CLUB,2016
3208,KABUPATEN KUNINGAN,0,KARAOKE/BAR,2016
3208,KABUPATEN KUNINGAN,0,PANTI PIJAT,2016
3208,KABUPATEN KUNINGAN,0,Wisata Tirta,2016
3208,KABUPATEN KUNINGAN,0,Bar,2017
3208,KABUPATEN KUNINGAN,0,PUB,2017
3208,KABUPATEN KUNINGAN,2,Museum,2017
3208,KABUPATEN KUNINGAN,0,Bioskop,2017
3208,KABUPATEN KUNINGAN,1,Billiard,2017
3208,KABUPATEN KUNINGAN,0,DISKOTIK,2017
3208,KABUPATEN KUNINGAN,0,NIGHT CLUB,2017
3208,KABUPATEN KUNINGAN,0,KARAOKE/BAR,2017
3208,KABUPATEN KUNINGAN,0,PANTI PIJAT,2017
3208,KABUPATEN KUNINGAN,0,Wisata Tirta,2017
3208,KABUPATEN KUNINGAN,0,Bar,2018
3208,KABUPATEN KUNINGAN,0,PUB,2018
3208,KABUPATEN KUNINGAN,0,Museum,2018
3208,KABUPATEN KUNINGAN,0,Bioskop,2018
3208,KABUPATEN KUNINGAN,23,Billiard,2018
3208,KABUPATEN KUNINGAN,0,DISKOTIK,2018
3208,KABUPATEN KUNINGAN,0,NIGHT CLUB,2018
3208,KABUPATEN KUNINGAN,12,KARAOKE/BAR,2018
3208,KABUPATEN KUNINGAN,0,PANTI PIJAT,2018
3208,KABUPATEN KUNINGAN,0,Wisata Tirta,2018
3208,KABUPATEN KUNINGAN,0,Bar,2019
3208,KABUPATEN KUNINGAN,0,PUB,2019
3208,KABUPATEN KUNINGAN,3,Museum,2019
3208,KABUPATEN KUNINGAN,0,Bioskop,2019
3208,KABUPATEN KUNINGAN,1,Billiard,2019
3208,KABUPATEN KUNINGAN,0,DISKOTIK,2019
3208,KABUPATEN KUNINGAN,0,NIGHT CLUB,2019
3208,KABUPATEN KUNINGAN,12,KARAOKE/BAR,2019
3208,KABUPATEN KUNINGAN,0,PANTI PIJAT,2019
3208,KABUPATEN KUNINGAN,0,Wisata Tirta,2019
3208,KABUPATEN KUNINGAN,0,Bar,2020
3208,KABUPATEN KUNINGAN,0,PUB,2020
3208,KABUPATEN KUNINGAN,3,Museum,2020
3208,KABUPATEN KUNINGAN,0,Bioskop,2020
3208,KABUPATEN KUNINGAN,2,Billiard,2020
3208,KABUPATEN KUNINGAN,0,DISKOTIK,2020
3208,KABUPATEN KUNINGAN,0,NIGHT CLUB,2020
3208,KABUPATEN KUNINGAN,12,KARAOKE/BAR,2020
3208,KABUPATEN KUNINGAN,0,PANTI PIJAT,2020
3208,KABUPATEN KUNINGAN,1,Wisata Tirta,2020
3208,KABUPATEN KUNINGAN,0,Bar,2021
3208,KABUPATEN KUNINGAN,0,PUB,2021
3208,KABUPATEN KUNINGAN,0,Bioskop,2021
3208,KABUPATEN KUNINGAN,2,Billiard,2021
3208,KABUPATEN KUNINGAN,0,DISKOTIK,2021
3208,KABUPATEN KUNINGAN,0,NIGHT CLUB,2021
3208,KABUPATEN KUNINGAN,12,KARAOKE/BAR,2021
3208,KABUPATEN KUNINGAN,0,PANTI PIJAT,2021
3208,KABUPATEN KUNINGAN,40,Wisata Tirta,2021
3209,KABUPATEN CIREBON,0,Bar,2014
3209,KABUPATEN CIREBON,1,PUB,2014
3209,KABUPATEN CIREBON,0,Museum,2014
3209,KABUPATEN CIREBON,0,Bioskop,2014
3209,KABUPATEN CIREBON,0,Billiard,2014
3209,KABUPATEN CIREBON,0,DISKOTIK,2014
3209,KABUPATEN CIREBON,0,NIGHT CLUB,2014
3209,KABUPATEN CIREBON,1,KARAOKE/BAR,2014
3209,KABUPATEN CIREBON,0,PANTI PIJAT,2014
3209,KABUPATEN CIREBON,0,Wisata Tirta,2014
3209,KABUPATEN CIREBON,0,Bar,2015
3209,KABUPATEN CIREBON,1,PUB,2015
3209,KABUPATEN CIREBON,6,Museum,2015
3209,KABUPATEN CIREBON,0,Bioskop,2015
3209,KABUPATEN CIREBON,0,Billiard,2015
3209,KABUPATEN CIREBON,0,DISKOTIK,2015
3209,KABUPATEN CIREBON,0,NIGHT CLUB,2015
3209,KABUPATEN CIREBON,1,KARAOKE/BAR,2015
3209,KABUPATEN CIREBON,0,PANTI PIJAT,2015
3209,KABUPATEN CIREBON,0,Wisata Tirta,2015
3209,KABUPATEN CIREBON,0,Bar,2016
3209,KABUPATEN CIREBON,1,PUB,2016
3209,KABUPATEN CIREBON,0,Museum,2016
3209,KABUPATEN CIREBON,0,Bioskop,2016
3209,KABUPATEN CIREBON,0,Billiard,2016
3209,KABUPATEN CIREBON,0,DISKOTIK,2016
3209,KABUPATEN CIREBON,0,NIGHT CLUB,2016
3209,KABUPATEN CIREBON,1,KARAOKE/BAR,2016
3209,KABUPATEN CIREBON,0,PANTI PIJAT,2016
3209,KABUPATEN CIREBON,0,Wisata Tirta,2016
3209,KABUPATEN CIREBON,0,Bar,2017
3209,KABUPATEN CIREBON,1,PUB,2017
3209,KABUPATEN CIREBON,0,Museum,2017
3209,KABUPATEN CIREBON,0,Bioskop,2017
3209,KABUPATEN CIREBON,0,Billiard,2017
3209,KABUPATEN CIREBON,0,DISKOTIK,2017
3209,KABUPATEN CIREBON,0,NIGHT CLUB,2017
3209,KABUPATEN CIREBON,1,KARAOKE/BAR,2017
3209,KABUPATEN CIREBON,0,PANTI PIJAT,2017
3209,KABUPATEN CIREBON,0,Wisata Tirta,2017
3209,KABUPATEN CIREBON,1,Bar,2018
3209,KABUPATEN CIREBON,1,PUB,2018
3209,KABUPATEN CIREBON,0,Museum,2018
3209,KABUPATEN CIREBON,0,Bioskop,2018
3209,KABUPATEN CIREBON,0,Billiard,2018
3209,KABUPATEN CIREBON,1,DISKOTIK,2018
3209,KABUPATEN CIREBON,1,NIGHT CLUB,2018
3209,KABUPATEN CIREBON,7,KARAOKE/BAR,2018
3209,KABUPATEN CIREBON,5,PANTI PIJAT,2018
3209,KABUPATEN CIREBON,3,Wisata Tirta,2018
3209,KABUPATEN CIREBON,2,Bar,2019
3209,KABUPATEN CIREBON,1,PUB,2019
3209,KABUPATEN CIREBON,1,Museum,2019
3209,KABUPATEN CIREBON,1,Bioskop,2019
3209,KABUPATEN CIREBON,0,Billiard,2019
3209,KABUPATEN CIREBON,1,DISKOTIK,2019
3209,KABUPATEN CIREBON,1,NIGHT CLUB,2019
3209,KABUPATEN CIREBON,7,KARAOKE/BAR,2019
3209,KABUPATEN CIREBON,5,PANTI PIJAT,2019
3209,KABUPATEN CIREBON,7,Wisata Tirta,2019
3209,KABUPATEN CIREBON,2,Bar,2020
3209,KABUPATEN CIREBON,5,PUB,2020
3209,KABUPATEN CIREBON,1,Museum,2020
3209,KABUPATEN CIREBON,1,Bioskop,2020
3209,KABUPATEN CIREBON,0,Billiard,2020
3209,KABUPATEN CIREBON,0,DISKOTIK,2020
3209,KABUPATEN CIREBON,0,NIGHT CLUB,2020
3209,KABUPATEN CIREBON,8,KARAOKE/BAR,2020
3209,KABUPATEN CIREBON,8,PANTI PIJAT,2020
3209,KABUPATEN CIREBON,7,Wisata Tirta,2020
3209,KABUPATEN CIREBON,2,Bar,2021
3209,KABUPATEN CIREBON,5,PUB,2021
3209,KABUPATEN CIREBON,1,Bioskop,2021
3209,KABUPATEN CIREBON,0,Billiard,2021
3209,KABUPATEN CIREBON,0,DISKOTIK,2021
3209,KABUPATEN CIREBON,0,NIGHT CLUB,2021
3209,KABUPATEN CIREBON,8,KARAOKE/BAR,2021
3209,KABUPATEN CIREBON,8,PANTI PIJAT,2021
3209,KABUPATEN CIREBON,4,Wisata Tirta,2021
3210,KABUPATEN MAJALENGKA,0,Bar,2014
3210,KABUPATEN MAJALENGKA,0,PUB,2014
3210,KABUPATEN MAJALENGKA,1,Museum,2014
3210,KABUPATEN MAJALENGKA,0,Bioskop,2014
3210,KABUPATEN MAJALENGKA,7,Billiard,2014
3210,KABUPATEN MAJALENGKA,1,DISKOTIK,2014
3210,KABUPATEN MAJALENGKA,0,NIGHT CLUB,2014
3210,KABUPATEN MAJALENGKA,1,KARAOKE/BAR,2014
3210,KABUPATEN MAJALENGKA,0,PANTI PIJAT,2014
3210,KABUPATEN MAJALENGKA,0,Wisata Tirta,2014
3210,KABUPATEN MAJALENGKA,0,Bar,2015
3210,KABUPATEN MAJALENGKA,0,PUB,2015
3210,KABUPATEN MAJALENGKA,0,Museum,2015
3210,KABUPATEN MAJALENGKA,0,Bioskop,2015
3210,KABUPATEN MAJALENGKA,7,Billiard,2015
3210,KABUPATEN MAJALENGKA,1,DISKOTIK,2015
3210,KABUPATEN MAJALENGKA,0,NIGHT CLUB,2015
3210,KABUPATEN MAJALENGKA,1,KARAOKE/BAR,2015
3210,KABUPATEN MAJALENGKA,0,PANTI PIJAT,2015
3210,KABUPATEN MAJALENGKA,0,Wisata Tirta,2015
3210,KABUPATEN MAJALENGKA,0,Bar,2016
3210,KABUPATEN MAJALENGKA,0,PUB,2016
3210,KABUPATEN MAJALENGKA,1,Museum,2016
3210,KABUPATEN MAJALENGKA,0,Bioskop,2016
3210,KABUPATEN MAJALENGKA,7,Billiard,2016
3210,KABUPATEN MAJALENGKA,1,DISKOTIK,2016
3210,KABUPATEN MAJALENGKA,0,NIGHT CLUB,2016
3210,KABUPATEN MAJALENGKA,1,KARAOKE/BAR,2016
3210,KABUPATEN MAJALENGKA,0,PANTI PIJAT,2016
3210,KABUPATEN MAJALENGKA,0,Wisata Tirta,2016
3210,KABUPATEN MAJALENGKA,0,Bar,2017
3210,KABUPATEN MAJALENGKA,0,PUB,2017
3210,KABUPATEN MAJALENGKA,1,Museum,2017
3210,KABUPATEN MAJALENGKA,0,Bioskop,2017
3210,KABUPATEN MAJALENGKA,7,Billiard,2017
3210,KABUPATEN MAJALENGKA,1,DISKOTIK,2017
3210,KABUPATEN MAJALENGKA,0,NIGHT CLUB,2017
3210,KABUPATEN MAJALENGKA,1,KARAOKE/BAR,2017
3210,KABUPATEN MAJALENGKA,0,PANTI PIJAT,2017
3210,KABUPATEN MAJALENGKA,0,Wisata Tirta,2017
3210,KABUPATEN MAJALENGKA,0,Bar,2018
3210,KABUPATEN MAJALENGKA,0,PUB,2018
3210,KABUPATEN MAJALENGKA,2,Museum,2018
3210,KABUPATEN MAJALENGKA,0,Bioskop,2018
3210,KABUPATEN MAJALENGKA,0,Billiard,2018
3210,KABUPATEN MAJALENGKA,0,DISKOTIK,2018
3210,KABUPATEN MAJALENGKA,0,NIGHT CLUB,2018
3210,KABUPATEN MAJALENGKA,3,KARAOKE/BAR,2018
3210,KABUPATEN MAJALENGKA,2,PANTI PIJAT,2018
3210,KABUPATEN MAJALENGKA,16,Wisata Tirta,2018
3210,KABUPATEN MAJALENGKA,0,Bar,2019
3210,KABUPATEN MAJALENGKA,0,PUB,2019
3210,KABUPATEN MAJALENGKA,2,Museum,2019
3210,KABUPATEN MAJALENGKA,0,Bioskop,2019
3210,KABUPATEN MAJALENGKA,0,Billiard,2019
3210,KABUPATEN MAJALENGKA,0,DISKOTIK,2019
3210,KABUPATEN MAJALENGKA,0,NIGHT CLUB,2019
3210,KABUPATEN MAJALENGKA,3,KARAOKE/BAR,2019
3210,KABUPATEN MAJALENGKA,5,PANTI PIJAT,2019
3210,KABUPATEN MAJALENGKA,16,Wisata Tirta,2019
3210,KABUPATEN MAJALENGKA,0,Bar,2020
3210,KABUPATEN MAJALENGKA,0,PUB,2020
3210,KABUPATEN MAJALENGKA,2,Museum,2020
3210,KABUPATEN MAJALENGKA,0,Bioskop,2020
3210,KABUPATEN MAJALENGKA,0,Billiard,2020
3210,KABUPATEN MAJALENGKA,0,DISKOTIK,2020
3210,KABUPATEN MAJALENGKA,0,NIGHT CLUB,2020
3210,KABUPATEN MAJALENGKA,3,KARAOKE/BAR,2020
3210,KABUPATEN MAJALENGKA,5,PANTI PIJAT,2020
3210,KABUPATEN MAJALENGKA,16,Wisata Tirta,2020
3210,KABUPATEN MAJALENGKA,0,Bar,2021
3210,KABUPATEN MAJALENGKA,0,PUB,2021
3210,KABUPATEN MAJALENGKA,0,Bioskop,2021
3210,KABUPATEN MAJALENGKA,0,Billiard,2021
3210,KABUPATEN MAJALENGKA,0,DISKOTIK,2021
3210,KABUPATEN MAJALENGKA,0,NIGHT CLUB,2021
3210,KABUPATEN MAJALENGKA,3,KARAOKE/BAR,2021
3210,KABUPATEN MAJALENGKA,5,PANTI PIJAT,2021
3210,KABUPATEN MAJALENGKA,16,Wisata Tirta,2021
3211,KABUPATEN SUMEDANG,0,Bar,2014
3211,KABUPATEN SUMEDANG,0,PUB,2014
3211,KABUPATEN SUMEDANG,26,Museum,2014
3211,KABUPATEN SUMEDANG,2,Bioskop,2014
3211,KABUPATEN SUMEDANG,8,Billiard,2014
3211,KABUPATEN SUMEDANG,0,DISKOTIK,2014
3211,KABUPATEN SUMEDANG,0,NIGHT CLUB,2014
3211,KABUPATEN SUMEDANG,0,KARAOKE/BAR,2014
3211,KABUPATEN SUMEDANG,0,PANTI PIJAT,2014
3211,KABUPATEN SUMEDANG,1,Wisata Tirta,2014
3211,KABUPATEN SUMEDANG,0,Bar,2015
3211,KABUPATEN SUMEDANG,0,PUB,2015
3211,KABUPATEN SUMEDANG,0,Museum,2015
3211,KABUPATEN SUMEDANG,2,Bioskop,2015
3211,KABUPATEN SUMEDANG,8,Billiard,2015
3211,KABUPATEN SUMEDANG,0,DISKOTIK,2015
3211,KABUPATEN SUMEDANG,0,NIGHT CLUB,2015
3211,KABUPATEN SUMEDANG,0,KARAOKE/BAR,2015
3211,KABUPATEN SUMEDANG,0,PANTI PIJAT,2015
3211,KABUPATEN SUMEDANG,1,Wisata Tirta,2015
3211,KABUPATEN SUMEDANG,0,Bar,2016
3211,KABUPATEN SUMEDANG,0,PUB,2016
3211,KABUPATEN SUMEDANG,1,Museum,2016
3211,KABUPATEN SUMEDANG,2,Bioskop,2016
3211,KABUPATEN SUMEDANG,8,Billiard,2016
3211,KABUPATEN SUMEDANG,0,DISKOTIK,2016
3211,KABUPATEN SUMEDANG,0,NIGHT CLUB,2016
3211,KABUPATEN SUMEDANG,3,KARAOKE/BAR,2016
3211,KABUPATEN SUMEDANG,0,PANTI PIJAT,2016
3211,KABUPATEN SUMEDANG,1,Wisata Tirta,2016
3211,KABUPATEN SUMEDANG,0,Bar,2017
3211,KABUPATEN SUMEDANG,0,PUB,2017
3211,KABUPATEN SUMEDANG,1,Museum,2017
3211,KABUPATEN SUMEDANG,2,Bioskop,2017
3211,KABUPATEN SUMEDANG,8,Billiard,2017
3211,KABUPATEN SUMEDANG,0,DISKOTIK,2017
3211,KABUPATEN SUMEDANG,0,NIGHT CLUB,2017
3211,KABUPATEN SUMEDANG,3,KARAOKE/BAR,2017
3211,KABUPATEN SUMEDANG,0,PANTI PIJAT,2017
3211,KABUPATEN SUMEDANG,1,Wisata Tirta,2017
3211,KABUPATEN SUMEDANG,0,Bar,2018
3211,KABUPATEN SUMEDANG,0,PUB,2018
3211,KABUPATEN SUMEDANG,0,Museum,2018
3211,KABUPATEN SUMEDANG,0,Bioskop,2018
3211,KABUPATEN SUMEDANG,0,Billiard,2018
3211,KABUPATEN SUMEDANG,0,DISKOTIK,2018
3211,KABUPATEN SUMEDANG,0,NIGHT CLUB,2018
3211,KABUPATEN SUMEDANG,0,KARAOKE/BAR,2018
3211,KABUPATEN SUMEDANG,0,PANTI PIJAT,2018
3211,KABUPATEN SUMEDANG,0,Wisata Tirta,2018
3211,KABUPATEN SUMEDANG,0,Bar,2019
3211,KABUPATEN SUMEDANG,0,PUB,2019
3211,KABUPATEN SUMEDANG,1,Museum,2019
3211,KABUPATEN SUMEDANG,0,Bioskop,2019
3211,KABUPATEN SUMEDANG,0,Billiard,2019
3211,KABUPATEN SUMEDANG,0,DISKOTIK,2019
3211,KABUPATEN SUMEDANG,0,NIGHT CLUB,2019
3211,KABUPATEN SUMEDANG,0,KARAOKE/BAR,2019
3211,KABUPATEN SUMEDANG,0,PANTI PIJAT,2019
3211,KABUPATEN SUMEDANG,0,Wisata Tirta,2019
3211,KABUPATEN SUMEDANG,0,Bar,2020
3211,KABUPATEN SUMEDANG,0,PUB,2020
3211,KABUPATEN SUMEDANG,1,Museum,2020
3211,KABUPATEN SUMEDANG,2,Bioskop,2020
3211,KABUPATEN SUMEDANG,0,Billiard,2020
3211,KABUPATEN SUMEDANG,0,DISKOTIK,2020
3211,KABUPATEN SUMEDANG,0,NIGHT CLUB,2020
3211,KABUPATEN SUMEDANG,7,KARAOKE/BAR,2020
3211,KABUPATEN SUMEDANG,0,PANTI PIJAT,2020
3211,KABUPATEN SUMEDANG,0,Wisata Tirta,2020
3211,KABUPATEN SUMEDANG,0,Bar,2021
3211,KABUPATEN SUMEDANG,0,PUB,2021
3211,KABUPATEN SUMEDANG,2,Bioskop,2021
3211,KABUPATEN SUMEDANG,0,Billiard,2021
3211,KABUPATEN SUMEDANG,0,DISKOTIK,2021
3211,KABUPATEN SUMEDANG,0,NIGHT CLUB,2021
3211,KABUPATEN SUMEDANG,7,KARAOKE/BAR,2021
3211,KABUPATEN SUMEDANG,0,PANTI PIJAT,2021
3211,KABUPATEN SUMEDANG,0,Wisata Tirta,2021
3212,KABUPATEN INDRAMAYU,0,Bar,2014
3212,KABUPATEN INDRAMAYU,0,PUB,2014
3212,KABUPATEN INDRAMAYU,0,Museum,2014
3212,KABUPATEN INDRAMAYU,0,Bioskop,2014
3212,KABUPATEN INDRAMAYU,3,Billiard,2014
3212,KABUPATEN INDRAMAYU,0,DISKOTIK,2014
3212,KABUPATEN INDRAMAYU,0,NIGHT CLUB,2014
3212,KABUPATEN INDRAMAYU,0,KARAOKE/BAR,2014
3212,KABUPATEN INDRAMAYU,0,PANTI PIJAT,2014
3212,KABUPATEN INDRAMAYU,1,Wisata Tirta,2014
3212,KABUPATEN INDRAMAYU,0,Bar,2015
3212,KABUPATEN INDRAMAYU,0,PUB,2015
3212,KABUPATEN INDRAMAYU,0,Museum,2015
3212,KABUPATEN INDRAMAYU,0,Bioskop,2015
3212,KABUPATEN INDRAMAYU,3,Billiard,2015
3212,KABUPATEN INDRAMAYU,0,DISKOTIK,2015
3212,KABUPATEN INDRAMAYU,0,NIGHT CLUB,2015
3212,KABUPATEN INDRAMAYU,0,KARAOKE/BAR,2015
3212,KABUPATEN INDRAMAYU,0,PANTI PIJAT,2015
3212,KABUPATEN INDRAMAYU,1,Wisata Tirta,2015
3212,KABUPATEN INDRAMAYU,0,Bar,2016
3212,KABUPATEN INDRAMAYU,0,PUB,2016
3212,KABUPATEN INDRAMAYU,0,Museum,2016
3212,KABUPATEN INDRAMAYU,0,Bioskop,2016
3212,KABUPATEN INDRAMAYU,3,Billiard,2016
3212,KABUPATEN INDRAMAYU,0,DISKOTIK,2016
3212,KABUPATEN INDRAMAYU,0,NIGHT CLUB,2016
3212,KABUPATEN INDRAMAYU,2,KARAOKE/BAR,2016
3212,KABUPATEN INDRAMAYU,0,PANTI PIJAT,2016
3212,KABUPATEN INDRAMAYU,1,Wisata Tirta,2016
3212,KABUPATEN INDRAMAYU,0,Bar,2017
3212,KABUPATEN INDRAMAYU,0,PUB,2017
3212,KABUPATEN INDRAMAYU,2,Museum,2017
3212,KABUPATEN INDRAMAYU,0,Bioskop,2017
3212,KABUPATEN INDRAMAYU,3,Billiard,2017
3212,KABUPATEN INDRAMAYU,0,DISKOTIK,2017
3212,KABUPATEN INDRAMAYU,0,NIGHT CLUB,2017
3212,KABUPATEN INDRAMAYU,2,KARAOKE/BAR,2017
3212,KABUPATEN INDRAMAYU,0,PANTI PIJAT,2017
3212,KABUPATEN INDRAMAYU,1,Wisata Tirta,2017
3212,KABUPATEN INDRAMAYU,0,Bar,2018
3212,KABUPATEN INDRAMAYU,0,PUB,2018
3212,KABUPATEN INDRAMAYU,1,Museum,2018
3212,KABUPATEN INDRAMAYU,1,Bioskop,2018
3212,KABUPATEN INDRAMAYU,0,Billiard,2018
3212,KABUPATEN INDRAMAYU,0,DISKOTIK,2018
3212,KABUPATEN INDRAMAYU,0,NIGHT CLUB,2018
3212,KABUPATEN INDRAMAYU,8,KARAOKE/BAR,2018
3212,KABUPATEN INDRAMAYU,0,PANTI PIJAT,2018
3212,KABUPATEN INDRAMAYU,2,Wisata Tirta,2018
3212,KABUPATEN INDRAMAYU,0,Bar,2019
3212,KABUPATEN INDRAMAYU,0,PUB,2019
3212,KABUPATEN INDRAMAYU,1,Museum,2019
3212,KABUPATEN INDRAMAYU,0,Bioskop,2019
3212,KABUPATEN INDRAMAYU,0,Billiard,2019
3212,KABUPATEN INDRAMAYU,0,DISKOTIK,2019
3212,KABUPATEN INDRAMAYU,0,NIGHT CLUB,2019
3212,KABUPATEN INDRAMAYU,9,KARAOKE/BAR,2019
3212,KABUPATEN INDRAMAYU,0,PANTI PIJAT,2019
3212,KABUPATEN INDRAMAYU,2,Wisata Tirta,2019
3212,KABUPATEN INDRAMAYU,0,Bar,2020
3212,KABUPATEN INDRAMAYU,0,PUB,2020
3212,KABUPATEN INDRAMAYU,1,Museum,2020
3212,KABUPATEN INDRAMAYU,0,Bioskop,2020
3212,KABUPATEN INDRAMAYU,0,Billiard,2020
3212,KABUPATEN INDRAMAYU,0,DISKOTIK,2020
3212,KABUPATEN INDRAMAYU,0,NIGHT CLUB,2020
3212,KABUPATEN INDRAMAYU,10,KARAOKE/BAR,2020
3212,KABUPATEN INDRAMAYU,0,PANTI PIJAT,2020
3212,KABUPATEN INDRAMAYU,4,Wisata Tirta,2020
3212,KABUPATEN INDRAMAYU,0,Bar,2021
3212,KABUPATEN INDRAMAYU,0,PUB,2021
3212,KABUPATEN INDRAMAYU,0,Bioskop,2021
3212,KABUPATEN INDRAMAYU,0,Billiard,2021
3212,KABUPATEN INDRAMAYU,0,DISKOTIK,2021
3212,KABUPATEN INDRAMAYU,0,NIGHT CLUB,2021
3212,KABUPATEN INDRAMAYU,11,KARAOKE/BAR,2021
3212,KABUPATEN INDRAMAYU,0,PANTI PIJAT,2021
3212,KABUPATEN INDRAMAYU,6,Wisata Tirta,2021
3213,KABUPATEN SUBANG,0,Bar,2014
3213,KABUPATEN SUBANG,0,PUB,2014
3213,KABUPATEN SUBANG,3,Museum,2014
3213,KABUPATEN SUBANG,1,Bioskop,2014
3213,KABUPATEN SUBANG,5,Billiard,2014
3213,KABUPATEN SUBANG,0,DISKOTIK,2014
3213,KABUPATEN SUBANG,0,NIGHT CLUB,2014
3213,KABUPATEN SUBANG,13,KARAOKE/BAR,2014
3213,KABUPATEN SUBANG,0,PANTI PIJAT,2014
3213,KABUPATEN SUBANG,34,Wisata Tirta,2014
3213,KABUPATEN SUBANG,0,Bar,2015
3213,KABUPATEN SUBANG,0,PUB,2015
3213,KABUPATEN SUBANG,6,Museum,2015
3213,KABUPATEN SUBANG,1,Bioskop,2015
3213,KABUPATEN SUBANG,5,Billiard,2015
3213,KABUPATEN SUBANG,0,DISKOTIK,2015
3213,KABUPATEN SUBANG,0,NIGHT CLUB,2015
3213,KABUPATEN SUBANG,13,KARAOKE/BAR,2015
3213,KABUPATEN SUBANG,0,PANTI PIJAT,2015
3213,KABUPATEN SUBANG,34,Wisata Tirta,2015
3213,KABUPATEN SUBANG,0,Bar,2016
3213,KABUPATEN SUBANG,0,PUB,2016
3213,KABUPATEN SUBANG,3,Museum,2016
3213,KABUPATEN SUBANG,0,Bioskop,2016
3213,KABUPATEN SUBANG,6,Billiard,2016
3213,KABUPATEN SUBANG,0,DISKOTIK,2016
3213,KABUPATEN SUBANG,0,NIGHT CLUB,2016
3213,KABUPATEN SUBANG,17,KARAOKE/BAR,2016
3213,KABUPATEN SUBANG,1,PANTI PIJAT,2016
3213,KABUPATEN SUBANG,28,Wisata Tirta,2016
3213,KABUPATEN SUBANG,0,Bar,2017
3213,KABUPATEN SUBANG,0,PUB,2017
3213,KABUPATEN SUBANG,3,Museum,2017
3213,KABUPATEN SUBANG,0,Bioskop,2017
3213,KABUPATEN SUBANG,6,Billiard,2017
3213,KABUPATEN SUBANG,0,DISKOTIK,2017
3213,KABUPATEN SUBANG,0,NIGHT CLUB,2017
3213,KABUPATEN SUBANG,17,KARAOKE/BAR,2017
3213,KABUPATEN SUBANG,1,PANTI PIJAT,2017
3213,KABUPATEN SUBANG,28,Wisata Tirta,2017
3213,KABUPATEN SUBANG,0,Bar,2018
3213,KABUPATEN SUBANG,0,PUB,2018
3213,KABUPATEN SUBANG,3,Museum,2018
3213,KABUPATEN SUBANG,0,Bioskop,2018
3213,KABUPATEN SUBANG,6,Billiard,2018
3213,KABUPATEN SUBANG,0,DISKOTIK,2018
3213,KABUPATEN SUBANG,0,NIGHT CLUB,2018
3213,KABUPATEN SUBANG,18,KARAOKE/BAR,2018
3213,KABUPATEN SUBANG,0,PANTI PIJAT,2018
3213,KABUPATEN SUBANG,13,Wisata Tirta,2018
3213,KABUPATEN SUBANG,0,Bar,2019
3213,KABUPATEN SUBANG,0,PUB,2019
3213,KABUPATEN SUBANG,3,Museum,2019
3213,KABUPATEN SUBANG,0,Bioskop,2019
3213,KABUPATEN SUBANG,2,Billiard,2019
3213,KABUPATEN SUBANG,0,DISKOTIK,2019
3213,KABUPATEN SUBANG,0,NIGHT CLUB,2019
3213,KABUPATEN SUBANG,30,KARAOKE/BAR,2019
3213,KABUPATEN SUBANG,2,PANTI PIJAT,2019
3213,KABUPATEN SUBANG,13,Wisata Tirta,2019
3213,KABUPATEN SUBANG,0,Bar,2020
3213,KABUPATEN SUBANG,0,PUB,2020
3213,KABUPATEN SUBANG,3,Museum,2020
3213,KABUPATEN SUBANG,0,Bioskop,2020
3213,KABUPATEN SUBANG,5,Billiard,2020
3213,KABUPATEN SUBANG,0,DISKOTIK,2020
3213,KABUPATEN SUBANG,0,NIGHT CLUB,2020
3213,KABUPATEN SUBANG,32,KARAOKE/BAR,2020
3213,KABUPATEN SUBANG,3,PANTI PIJAT,2020
3213,KABUPATEN SUBANG,15,Wisata Tirta,2020
3213,KABUPATEN SUBANG,0,Bar,2021
3213,KABUPATEN SUBANG,0,PUB,2021
3213,KABUPATEN SUBANG,0,Bioskop,2021
3213,KABUPATEN SUBANG,6,Billiard,2021
3213,KABUPATEN SUBANG,0,DISKOTIK,2021
3213,KABUPATEN SUBANG,0,NIGHT CLUB,2021
3213,KABUPATEN SUBANG,31,KARAOKE/BAR,2021
3213,KABUPATEN SUBANG,2,PANTI PIJAT,2021
3213,KABUPATEN SUBANG,15,Wisata Tirta,2021
3214,KABUPATEN PURWAKARTA,1,Bar,2014
3214,KABUPATEN PURWAKARTA,0,PUB,2014
3214,KABUPATEN PURWAKARTA,0,Museum,2014
3214,KABUPATEN PURWAKARTA,0,Bioskop,2014
3214,KABUPATEN PURWAKARTA,3,Billiard,2014
3214,KABUPATEN PURWAKARTA,0,DISKOTIK,2014
3214,KABUPATEN PURWAKARTA,0,NIGHT CLUB,2014
3214,KABUPATEN PURWAKARTA,6,KARAOKE/BAR,2014
3214,KABUPATEN PURWAKARTA,0,PANTI PIJAT,2014
3214,KABUPATEN PURWAKARTA,2,Wisata Tirta,2014
3214,KABUPATEN PURWAKARTA,1,Bar,2015
3214,KABUPATEN PURWAKARTA,0,PUB,2015
3214,KABUPATEN PURWAKARTA,0,Museum,2015
3214,KABUPATEN PURWAKARTA,0,Bioskop,2015
3214,KABUPATEN PURWAKARTA,2,Billiard,2015
3214,KABUPATEN PURWAKARTA,0,DISKOTIK,2015
3214,KABUPATEN PURWAKARTA,0,NIGHT CLUB,2015
3214,KABUPATEN PURWAKARTA,7,KARAOKE/BAR,2015
3214,KABUPATEN PURWAKARTA,0,PANTI PIJAT,2015
3214,KABUPATEN PURWAKARTA,2,Wisata Tirta,2015
3214,KABUPATEN PURWAKARTA,3,Bar,2016
3214,KABUPATEN PURWAKARTA,0,PUB,2016
3214,KABUPATEN PURWAKARTA,1,Museum,2016
3214,KABUPATEN PURWAKARTA,0,Bioskop,2016
3214,KABUPATEN PURWAKARTA,2,Billiard,2016
3214,KABUPATEN PURWAKARTA,0,DISKOTIK,2016
3214,KABUPATEN PURWAKARTA,0,NIGHT CLUB,2016
3214,KABUPATEN PURWAKARTA,8,KARAOKE/BAR,2016
3214,KABUPATEN PURWAKARTA,0,PANTI PIJAT,2016
3214,KABUPATEN PURWAKARTA,2,Wisata Tirta,2016
3214,KABUPATEN PURWAKARTA,3,Bar,2017
3214,KABUPATEN PURWAKARTA,0,PUB,2017
3214,KABUPATEN PURWAKARTA,1,Museum,2017
3214,KABUPATEN PURWAKARTA,0,Bioskop,2017
3214,KABUPATEN PURWAKARTA,2,Billiard,2017
3214,KABUPATEN PURWAKARTA,0,DISKOTIK,2017
3214,KABUPATEN PURWAKARTA,0,NIGHT CLUB,2017
3214,KABUPATEN PURWAKARTA,8,KARAOKE/BAR,2017
3214,KABUPATEN PURWAKARTA,0,PANTI PIJAT,2017
3214,KABUPATEN PURWAKARTA,2,Wisata Tirta,2017
3214,KABUPATEN PURWAKARTA,3,Bar,2018
3214,KABUPATEN PURWAKARTA,0,PUB,2018
3214,KABUPATEN PURWAKARTA,4,Museum,2018
3214,KABUPATEN PURWAKARTA,0,Bioskop,2018
3214,KABUPATEN PURWAKARTA,2,Billiard,2018
3214,KABUPATEN PURWAKARTA,0,DISKOTIK,2018
3214,KABUPATEN PURWAKARTA,0,NIGHT CLUB,2018
3214,KABUPATEN PURWAKARTA,8,KARAOKE/BAR,2018
3214,KABUPATEN PURWAKARTA,0,PANTI PIJAT,2018
3214,KABUPATEN PURWAKARTA,7,Wisata Tirta,2018
3214,KABUPATEN PURWAKARTA,3,Bar,2019
3214,KABUPATEN PURWAKARTA,0,PUB,2019
3214,KABUPATEN PURWAKARTA,4,Museum,2019
3214,KABUPATEN PURWAKARTA,1,Bioskop,2019
3214,KABUPATEN PURWAKARTA,2,Billiard,2019
3214,KABUPATEN PURWAKARTA,0,DISKOTIK,2019
3214,KABUPATEN PURWAKARTA,0,NIGHT CLUB,2019
3214,KABUPATEN PURWAKARTA,8,KARAOKE/BAR,2019
3214,KABUPATEN PURWAKARTA,0,PANTI PIJAT,2019
3214,KABUPATEN PURWAKARTA,16,Wisata Tirta,2019
3214,KABUPATEN PURWAKARTA,3,Bar,2020
3214,KABUPATEN PURWAKARTA,0,PUB,2020
3214,KABUPATEN PURWAKARTA,4,Museum,2020
3214,KABUPATEN PURWAKARTA,1,Bioskop,2020
3214,KABUPATEN PURWAKARTA,2,Billiard,2020
3214,KABUPATEN PURWAKARTA,0,DISKOTIK,2020
3214,KABUPATEN PURWAKARTA,0,NIGHT CLUB,2020
3214,KABUPATEN PURWAKARTA,8,KARAOKE/BAR,2020
3214,KABUPATEN PURWAKARTA,0,PANTI PIJAT,2020
3214,KABUPATEN PURWAKARTA,17,Wisata Tirta,2020
3214,KABUPATEN PURWAKARTA,3,Bar,2021
3214,KABUPATEN PURWAKARTA,0,PUB,2021
3214,KABUPATEN PURWAKARTA,1,Bioskop,2021
3214,KABUPATEN PURWAKARTA,2,Billiard,2021
3214,KABUPATEN PURWAKARTA,0,DISKOTIK,2021
3214,KABUPATEN PURWAKARTA,0,NIGHT CLUB,2021
3214,KABUPATEN PURWAKARTA,8,KARAOKE/BAR,2021
3214,KABUPATEN PURWAKARTA,0,PANTI PIJAT,2021
3214,KABUPATEN PURWAKARTA,17,Wisata Tirta,2021
3215,KABUPATEN KARAWANG,0,Bar,2014
3215,KABUPATEN KARAWANG,0,PUB,2014
3215,KABUPATEN KARAWANG,1,Museum,2014
3215,KABUPATEN KARAWANG,1,Bioskop,2014
3215,KABUPATEN KARAWANG,11,Billiard,2014
3215,KABUPATEN KARAWANG,1,DISKOTIK,2014
3215,KABUPATEN KARAWANG,0,NIGHT CLUB,2014
3215,KABUPATEN KARAWANG,8,KARAOKE/BAR,2014
3215,KABUPATEN KARAWANG,0,PANTI PIJAT,2014
3215,KABUPATEN KARAWANG,0,Wisata Tirta,2014
3215,KABUPATEN KARAWANG,0,Bar,2015
3215,KABUPATEN KARAWANG,1,PUB,2015
3215,KABUPATEN KARAWANG,1,Museum,2015
3215,KABUPATEN KARAWANG,1,Bioskop,2015
3215,KABUPATEN KARAWANG,10,Billiard,2015
3215,KABUPATEN KARAWANG,0,DISKOTIK,2015
3215,KABUPATEN KARAWANG,1,NIGHT CLUB,2015
3215,KABUPATEN KARAWANG,16,KARAOKE/BAR,2015
3215,KABUPATEN KARAWANG,0,PANTI PIJAT,2015
3215,KABUPATEN KARAWANG,0,Wisata Tirta,2015
3215,KABUPATEN KARAWANG,0,Bar,2016
3215,KABUPATEN KARAWANG,0,PUB,2016
3215,KABUPATEN KARAWANG,0,Museum,2016
3215,KABUPATEN KARAWANG,2,Bioskop,2016
3215,KABUPATEN KARAWANG,11,Billiard,2016
3215,KABUPATEN KARAWANG,0,DISKOTIK,2016
3215,KABUPATEN KARAWANG,0,NIGHT CLUB,2016
3215,KABUPATEN KARAWANG,13,KARAOKE/BAR,2016
3215,KABUPATEN KARAWANG,8,PANTI PIJAT,2016
3215,KABUPATEN KARAWANG,7,Wisata Tirta,2016
3215,KABUPATEN KARAWANG,0,Bar,2017
3215,KABUPATEN KARAWANG,0,PUB,2017
3215,KABUPATEN KARAWANG,1,Museum,2017
3215,KABUPATEN KARAWANG,3,Bioskop,2017
3215,KABUPATEN KARAWANG,20,Billiard,2017
3215,KABUPATEN KARAWANG,0,DISKOTIK,2017
3215,KABUPATEN KARAWANG,0,NIGHT CLUB,2017
3215,KABUPATEN KARAWANG,15,KARAOKE/BAR,2017
3215,KABUPATEN KARAWANG,10,PANTI PIJAT,2017
3215,KABUPATEN KARAWANG,7,Wisata Tirta,2017
3215,KABUPATEN KARAWANG,0,Bar,2018
3215,KABUPATEN KARAWANG,0,PUB,2018
3215,KABUPATEN KARAWANG,1,Museum,2018
3215,KABUPATEN KARAWANG,6,Bioskop,2018
3215,KABUPATEN KARAWANG,11,Billiard,2018
3215,KABUPATEN KARAWANG,0,DISKOTIK,2018
3215,KABUPATEN KARAWANG,0,NIGHT CLUB,2018
3215,KABUPATEN KARAWANG,15,KARAOKE/BAR,2018
3215,KABUPATEN KARAWANG,10,PANTI PIJAT,2018
3215,KABUPATEN KARAWANG,7,Wisata Tirta,2018
3215,KABUPATEN KARAWANG,0,Bar,2019
3215,KABUPATEN KARAWANG,0,PUB,2019
3215,KABUPATEN KARAWANG,1,Museum,2019
3215,KABUPATEN KARAWANG,6,Bioskop,2019
3215,KABUPATEN KARAWANG,11,Billiard,2019
3215,KABUPATEN KARAWANG,0,DISKOTIK,2019
3215,KABUPATEN KARAWANG,0,NIGHT CLUB,2019
3215,KABUPATEN KARAWANG,20,KARAOKE/BAR,2019
3215,KABUPATEN KARAWANG,10,PANTI PIJAT,2019
3215,KABUPATEN KARAWANG,30,Wisata Tirta,2019
3215,KABUPATEN KARAWANG,0,Bar,2020
3215,KABUPATEN KARAWANG,0,PUB,2020
3215,KABUPATEN KARAWANG,1,Museum,2020
3215,KABUPATEN KARAWANG,6,Bioskop,2020
3215,KABUPATEN KARAWANG,11,Billiard,2020
3215,KABUPATEN KARAWANG,0,DISKOTIK,2020
3215,KABUPATEN KARAWANG,0,NIGHT CLUB,2020
3215,KABUPATEN KARAWANG,16,KARAOKE/BAR,2020
3215,KABUPATEN KARAWANG,12,PANTI PIJAT,2020
3215,KABUPATEN KARAWANG,30,Wisata Tirta,2020
3215,KABUPATEN KARAWANG,0,Bar,2021
3215,KABUPATEN KARAWANG,0,PUB,2021
3215,KABUPATEN KARAWANG,6,Bioskop,2021
3215,KABUPATEN KARAWANG,11,Billiard,2021
3215,KABUPATEN KARAWANG,0,DISKOTIK,2021
3215,KABUPATEN KARAWANG,0,NIGHT CLUB,2021
3215,KABUPATEN KARAWANG,16,KARAOKE/BAR,2021
3215,KABUPATEN KARAWANG,12,PANTI PIJAT,2021
3215,KABUPATEN KARAWANG,32,Wisata Tirta,2021
3216,KABUPATEN BEKASI,3,Bar,2014
3216,KABUPATEN BEKASI,1,PUB,2014
3216,KABUPATEN BEKASI,0,Museum,2014
3216,KABUPATEN BEKASI,4,Bioskop,2014
3216,KABUPATEN BEKASI,12,Billiard,2014
3216,KABUPATEN BEKASI,0,DISKOTIK,2014
3216,KABUPATEN BEKASI,0,NIGHT CLUB,2014
3216,KABUPATEN BEKASI,25,KARAOKE/BAR,2014
3216,KABUPATEN BEKASI,7,PANTI PIJAT,2014
3216,KABUPATEN BEKASI,0,Wisata Tirta,2014
3216,KABUPATEN BEKASI,3,Bar,2015
3216,KABUPATEN BEKASI,1,PUB,2015
3216,KABUPATEN BEKASI,0,Museum,2015
3216,KABUPATEN BEKASI,4,Bioskop,2015
3216,KABUPATEN BEKASI,12,Billiard,2015
3216,KABUPATEN BEKASI,0,DISKOTIK,2015
3216,KABUPATEN BEKASI,0,NIGHT CLUB,2015
3216,KABUPATEN BEKASI,25,KARAOKE/BAR,2015
3216,KABUPATEN BEKASI,7,PANTI PIJAT,2015
3216,KABUPATEN BEKASI,0,Wisata Tirta,2015
3216,KABUPATEN BEKASI,3,Bar,2016
3216,KABUPATEN BEKASI,1,PUB,2016
3216,KABUPATEN BEKASI,0,Museum,2016
3216,KABUPATEN BEKASI,4,Bioskop,2016
3216,KABUPATEN BEKASI,12,Billiard,2016
3216,KABUPATEN BEKASI,0,DISKOTIK,2016
3216,KABUPATEN BEKASI,0,NIGHT CLUB,2016
3216,KABUPATEN BEKASI,25,KARAOKE/BAR,2016
3216,KABUPATEN BEKASI,7,PANTI PIJAT,2016
3216,KABUPATEN BEKASI,0,Wisata Tirta,2016
3216,KABUPATEN BEKASI,3,Bar,2017
3216,KABUPATEN BEKASI,1,PUB,2017
3216,KABUPATEN BEKASI,0,Museum,2017
3216,KABUPATEN BEKASI,4,Bioskop,2017
3216,KABUPATEN BEKASI,12,Billiard,2017
3216,KABUPATEN BEKASI,0,DISKOTIK,2017
3216,KABUPATEN BEKASI,0,NIGHT CLUB,2017
3216,KABUPATEN BEKASI,25,KARAOKE/BAR,2017
3216,KABUPATEN BEKASI,7,PANTI PIJAT,2017
3216,KABUPATEN BEKASI,0,Wisata Tirta,2017
3216,KABUPATEN BEKASI,0,Bar,2018
3216,KABUPATEN BEKASI,0,PUB,2018
3216,KABUPATEN BEKASI,0,Museum,2018
3216,KABUPATEN BEKASI,2,Bioskop,2018
3216,KABUPATEN BEKASI,0,Billiard,2018
3216,KABUPATEN BEKASI,0,DISKOTIK,2018
3216,KABUPATEN BEKASI,0,NIGHT CLUB,2018
3216,KABUPATEN BEKASI,0,KARAOKE/BAR,2018
3216,KABUPATEN BEKASI,0,PANTI PIJAT,2018
3216,KABUPATEN BEKASI,3,Wisata Tirta,2018
3216,KABUPATEN BEKASI,0,Bar,2019
3216,KABUPATEN BEKASI,0,PUB,2019
3216,KABUPATEN BEKASI,1,Museum,2019
3216,KABUPATEN BEKASI,5,Bioskop,2019
3216,KABUPATEN BEKASI,0,Billiard,2019
3216,KABUPATEN BEKASI,0,DISKOTIK,2019
3216,KABUPATEN BEKASI,0,NIGHT CLUB,2019
3216,KABUPATEN BEKASI,0,KARAOKE/BAR,2019
3216,KABUPATEN BEKASI,0,PANTI PIJAT,2019
3216,KABUPATEN BEKASI,3,Wisata Tirta,2019
3216,KABUPATEN BEKASI,0,Bar,2020
3216,KABUPATEN BEKASI,0,PUB,2020
3216,KABUPATEN BEKASI,2,Museum,2020
3216,KABUPATEN BEKASI,3,Bioskop,2020
3216,KABUPATEN BEKASI,1,Billiard,2020
3216,KABUPATEN BEKASI,0,DISKOTIK,2020
3216,KABUPATEN BEKASI,0,NIGHT CLUB,2020
3216,KABUPATEN BEKASI,0,KARAOKE/BAR,2020
3216,KABUPATEN BEKASI,0,PANTI PIJAT,2020
3216,KABUPATEN BEKASI,3,Wisata Tirta,2020
3216,KABUPATEN BEKASI,0,Bar,2021
3216,KABUPATEN BEKASI,0,PUB,2021
3216,KABUPATEN BEKASI,5,Bioskop,2021
3216,KABUPATEN BEKASI,1,Billiard,2021
3216,KABUPATEN BEKASI,0,DISKOTIK,2021
3216,KABUPATEN BEKASI,0,NIGHT CLUB,2021
3216,KABUPATEN BEKASI,0,KARAOKE/BAR,2021
3216,KABUPATEN BEKASI,15,PANTI PIJAT,2021
3216,KABUPATEN BEKASI,3,Wisata Tirta,2021
3217,KABUPATEN BANDUNG BARAT,0,Bar,2014
3217,KABUPATEN BANDUNG BARAT,0,PUB,2014
3217,KABUPATEN BANDUNG BARAT,0,Museum,2014
3217,KABUPATEN BANDUNG BARAT,0,Bioskop,2014
3217,KABUPATEN BANDUNG BARAT,0,Billiard,2014
3217,KABUPATEN BANDUNG BARAT,0,DISKOTIK,2014
3217,KABUPATEN BANDUNG BARAT,0,NIGHT CLUB,2014
3217,KABUPATEN BANDUNG BARAT,2,KARAOKE/BAR,2014
3217,KABUPATEN BANDUNG BARAT,0,PANTI PIJAT,2014
3217,KABUPATEN BANDUNG BARAT,1,Wisata Tirta,2014
3217,KABUPATEN BANDUNG BARAT,0,Bar,2015
3217,KABUPATEN BANDUNG BARAT,0,PUB,2015
3217,KABUPATEN BANDUNG BARAT,1,Museum,2015
3217,KABUPATEN BANDUNG BARAT,0,Bioskop,2015
3217,KABUPATEN BANDUNG BARAT,0,Billiard,2015
3217,KABUPATEN BANDUNG BARAT,0,DISKOTIK,2015
3217,KABUPATEN BANDUNG BARAT,0,NIGHT CLUB,2015
3217,KABUPATEN BANDUNG BARAT,2,KARAOKE/BAR,2015
3217,KABUPATEN BANDUNG BARAT,0,PANTI PIJAT,2015
3217,KABUPATEN BANDUNG BARAT,1,Wisata Tirta,2015
3217,KABUPATEN BANDUNG BARAT,0,Bar,2016
3217,KABUPATEN BANDUNG BARAT,0,PUB,2016
3217,KABUPATEN BANDUNG BARAT,0,Museum,2016
3217,KABUPATEN BANDUNG BARAT,0,Bioskop,2016
3217,KABUPATEN BANDUNG BARAT,0,Billiard,2016
3217,KABUPATEN BANDUNG BARAT,0,DISKOTIK,2016
3217,KABUPATEN BANDUNG BARAT,0,NIGHT CLUB,2016
3217,KABUPATEN BANDUNG BARAT,2,KARAOKE/BAR,2016
3217,KABUPATEN BANDUNG BARAT,0,PANTI PIJAT,2016
3217,KABUPATEN BANDUNG BARAT,1,Wisata Tirta,2016
3217,KABUPATEN BANDUNG BARAT,0,Bar,2017
3217,KABUPATEN BANDUNG BARAT,0,PUB,2017
3217,KABUPATEN BANDUNG BARAT,0,Museum,2017
3217,KABUPATEN BANDUNG BARAT,0,Bioskop,2017
3217,KABUPATEN BANDUNG BARAT,0,Billiard,2017
3217,KABUPATEN BANDUNG BARAT,0,DISKOTIK,2017
3217,KABUPATEN BANDUNG BARAT,0,NIGHT CLUB,2017
3217,KABUPATEN BANDUNG BARAT,2,KARAOKE/BAR,2017
3217,KABUPATEN BANDUNG BARAT,0,PANTI PIJAT,2017
3217,KABUPATEN BANDUNG BARAT,1,Wisata Tirta,2017
3217,KABUPATEN BANDUNG BARAT,0,Bar,2018
3217,KABUPATEN BANDUNG BARAT,0,PUB,2018
3217,KABUPATEN BANDUNG BARAT,2,Museum,2018
3217,KABUPATEN BANDUNG BARAT,0,Bioskop,2018
3217,KABUPATEN BANDUNG BARAT,0,Billiard,2018
3217,KABUPATEN BANDUNG BARAT,0,DISKOTIK,2018
3217,KABUPATEN BANDUNG BARAT,0,NIGHT CLUB,2018
3217,KABUPATEN BANDUNG BARAT,0,KARAOKE/BAR,2018
3217,KABUPATEN BANDUNG BARAT,0,PANTI PIJAT,2018
3217,KABUPATEN BANDUNG BARAT,6,Wisata Tirta,2018
3217,KABUPATEN BANDUNG BARAT,1,Bar,2019
3217,KABUPATEN BANDUNG BARAT,0,PUB,2019
3217,KABUPATEN BANDUNG BARAT,1,Museum,2019
3217,KABUPATEN BANDUNG BARAT,0,Bioskop,2019
3217,KABUPATEN BANDUNG BARAT,0,Billiard,2019
3217,KABUPATEN BANDUNG BARAT,0,DISKOTIK,2019
3217,KABUPATEN BANDUNG BARAT,0,NIGHT CLUB,2019
3217,KABUPATEN BANDUNG BARAT,1,KARAOKE/BAR,2019
3217,KABUPATEN BANDUNG BARAT,2,PANTI PIJAT,2019
3217,KABUPATEN BANDUNG BARAT,17,Wisata Tirta,2019
3217,KABUPATEN BANDUNG BARAT,1,Bar,2020
3217,KABUPATEN BANDUNG BARAT,0,PUB,2020
3217,KABUPATEN BANDUNG BARAT,3,Museum,2020
3217,KABUPATEN BANDUNG BARAT,0,Bioskop,2020
3217,KABUPATEN BANDUNG BARAT,0,Billiard,2020
3217,KABUPATEN BANDUNG BARAT,0,DISKOTIK,2020
3217,KABUPATEN BANDUNG BARAT,0,NIGHT CLUB,2020
3217,KABUPATEN BANDUNG BARAT,1,KARAOKE/BAR,2020
3217,KABUPATEN BANDUNG BARAT,2,PANTI PIJAT,2020
3217,KABUPATEN BANDUNG BARAT,17,Wisata Tirta,2020
3217,KABUPATEN BANDUNG BARAT,1,Bar,2021
3217,KABUPATEN BANDUNG BARAT,0,PUB,2021
3217,KABUPATEN BANDUNG BARAT,0,Bioskop,2021
3217,KABUPATEN BANDUNG BARAT,0,Billiard,2021
3217,KABUPATEN BANDUNG BARAT,0,DISKOTIK,2021
3217,KABUPATEN BANDUNG BARAT,0,NIGHT CLUB,2021
3217,KABUPATEN BANDUNG BARAT,1,KARAOKE/BAR,2021
3217,KABUPATEN BANDUNG BARAT,2,PANTI PIJAT,2021
3217,KABUPATEN BANDUNG BARAT,17,Wisata Tirta,2021
3218,KABUPATEN PANGANDARAN,0,PUB,2014
3218,KABUPATEN PANGANDARAN,0,Bioskop,2014
3218,KABUPATEN PANGANDARAN,0,Billiard,2014
3218,KABUPATEN PANGANDARAN,0,DISKOTIK,2014
3218,KABUPATEN PANGANDARAN,0,NIGHT CLUB,2014
3218,KABUPATEN PANGANDARAN,0,KARAOKE/BAR,2014
3218,KABUPATEN PANGANDARAN,0,PANTI PIJAT,2014
3218,KABUPATEN PANGANDARAN,,Bar,2015
3218,KABUPATEN PANGANDARAN,0,PUB,2015
3218,KABUPATEN PANGANDARAN,3,Museum,2015
3218,KABUPATEN PANGANDARAN,0,Bioskop,2015
3218,KABUPATEN PANGANDARAN,0,Billiard,2015
3218,KABUPATEN PANGANDARAN,0,DISKOTIK,2015
3218,KABUPATEN PANGANDARAN,0,NIGHT CLUB,2015
3218,KABUPATEN PANGANDARAN,0,KARAOKE/BAR,2015
3218,KABUPATEN PANGANDARAN,0,PANTI PIJAT,2015
3218,KABUPATEN PANGANDARAN,0,Wisata Tirta,2015
3218,KABUPATEN PANGANDARAN,0,Bar,2016
3218,KABUPATEN PANGANDARAN,0,PUB,2016
3218,KABUPATEN PANGANDARAN,0,Museum,2016
3218,KABUPATEN PANGANDARAN,0,Bioskop,2016
3218,KABUPATEN PANGANDARAN,0,Billiard,2016
3218,KABUPATEN PANGANDARAN,0,DISKOTIK,2016
3218,KABUPATEN PANGANDARAN,0,NIGHT CLUB,2016
3218,KABUPATEN PANGANDARAN,0,KARAOKE/BAR,2016
3218,KABUPATEN PANGANDARAN,0,PANTI PIJAT,2016
3218,KABUPATEN PANGANDARAN,0,Wisata Tirta,2016
3218,KABUPATEN PANGANDARAN,0,Bar,2017
3218,KABUPATEN PANGANDARAN,0,PUB,2017
3218,KABUPATEN PANGANDARAN,0,Museum,2017
3218,KABUPATEN PANGANDARAN,0,Bioskop,2017
3218,KABUPATEN PANGANDARAN,0,Billiard,2017
3218,KABUPATEN PANGANDARAN,0,DISKOTIK,2017
3218,KABUPATEN PANGANDARAN,0,NIGHT CLUB,2017
3218,KABUPATEN PANGANDARAN,2,KARAOKE/BAR,2017
3218,KABUPATEN PANGANDARAN,5,PANTI PIJAT,2017
3218,KABUPATEN PANGANDARAN,0,Wisata Tirta,2017
3218,KABUPATEN PANGANDARAN,0,Bar,2018
3218,KABUPATEN PANGANDARAN,0,PUB,2018
3218,KABUPATEN PANGANDARAN,1,Museum,2018
3218,KABUPATEN PANGANDARAN,0,Bioskop,2018
3218,KABUPATEN PANGANDARAN,0,Billiard,2018
3218,KABUPATEN PANGANDARAN,0,DISKOTIK,2018
3218,KABUPATEN PANGANDARAN,0,NIGHT CLUB,2018
3218,KABUPATEN PANGANDARAN,3,KARAOKE/BAR,2018
3218,KABUPATEN PANGANDARAN,5,PANTI PIJAT,2018
3218,KABUPATEN PANGANDARAN,10,Wisata Tirta,2018
3218,KABUPATEN PANGANDARAN,3,Bar,2019
3218,KABUPATEN PANGANDARAN,0,PUB,2019
3218,KABUPATEN PANGANDARAN,1,Museum,2019
3218,KABUPATEN PANGANDARAN,0,Bioskop,2019
3218,KABUPATEN PANGANDARAN,0,Billiard,2019
3218,KABUPATEN PANGANDARAN,0,DISKOTIK,2019
3218,KABUPATEN PANGANDARAN,0,NIGHT CLUB,2019
3218,KABUPATEN PANGANDARAN,2,KARAOKE/BAR,2019
3218,KABUPATEN PANGANDARAN,5,PANTI PIJAT,2019
3218,KABUPATEN PANGANDARAN,5,Wisata Tirta,2019
3218,KABUPATEN PANGANDARAN,1,Bar,2020
3218,KABUPATEN PANGANDARAN,0,PUB,2020
3218,KABUPATEN PANGANDARAN,1,Museum,2020
3218,KABUPATEN PANGANDARAN,0,Bioskop,2020
3218,KABUPATEN PANGANDARAN,2,Billiard,2020
3218,KABUPATEN PANGANDARAN,0,DISKOTIK,2020
3218,KABUPATEN PANGANDARAN,0,NIGHT CLUB,2020
3218,KABUPATEN PANGANDARAN,4,KARAOKE/BAR,2020
3218,KABUPATEN PANGANDARAN,5,PANTI PIJAT,2020
3218,KABUPATEN PANGANDARAN,2,Wisata Tirta,2020
3218,KABUPATEN PANGANDARAN,2,Bar,2021
3218,KABUPATEN PANGANDARAN,0,PUB,2021
3218,KABUPATEN PANGANDARAN,0,Bioskop,2021
3218,KABUPATEN PANGANDARAN,2,Billiard,2021
3218,KABUPATEN PANGANDARAN,0,DISKOTIK,2021
3218,KABUPATEN PANGANDARAN,0,NIGHT CLUB,2021
3218,KABUPATEN PANGANDARAN,4,KARAOKE/BAR,2021
3218,KABUPATEN PANGANDARAN,0,PANTI PIJAT,2021
3218,KABUPATEN PANGANDARAN,8,Wisata Tirta,2021
3271,KOTA BOGOR,0,Bar,2014
3271,KOTA BOGOR,0,PUB,2014
3271,KOTA BOGOR,5,Museum,2014
3271,KOTA BOGOR,5,Bioskop,2014
3271,KOTA BOGOR,28,Billiard,2014
3271,KOTA BOGOR,0,DISKOTIK,2014
3271,KOTA BOGOR,0,NIGHT CLUB,2014
3271,KOTA BOGOR,0,KARAOKE/BAR,2014
3271,KOTA BOGOR,0,PANTI PIJAT,2014
3271,KOTA BOGOR,0,Wisata Tirta,2014
3271,KOTA BOGOR,0,Bar,2015
3271,KOTA BOGOR,0,PUB,2015
3271,KOTA BOGOR,3,Museum,2015
3271,KOTA BOGOR,5,Bioskop,2015
3271,KOTA BOGOR,28,Billiard,2015
3271,KOTA BOGOR,0,DISKOTIK,2015
3271,KOTA BOGOR,0,NIGHT CLUB,2015
3271,KOTA BOGOR,0,KARAOKE/BAR,2015
3271,KOTA BOGOR,0,PANTI PIJAT,2015
3271,KOTA BOGOR,0,Wisata Tirta,2015
3271,KOTA BOGOR,0,Bar,2016
3271,KOTA BOGOR,0,PUB,2016
3271,KOTA BOGOR,7,Museum,2016
3271,KOTA BOGOR,4,Bioskop,2016
3271,KOTA BOGOR,13,Billiard,2016
3271,KOTA BOGOR,0,DISKOTIK,2016
3271,KOTA BOGOR,0,NIGHT CLUB,2016
3271,KOTA BOGOR,7,KARAOKE/BAR,2016
3271,KOTA BOGOR,0,PANTI PIJAT,2016
3271,KOTA BOGOR,16,Wisata Tirta,2016
3271,KOTA BOGOR,0,Bar,2017
3271,KOTA BOGOR,0,PUB,2017
3271,KOTA BOGOR,7,Museum,2017
3271,KOTA BOGOR,4,Bioskop,2017
3271,KOTA BOGOR,13,Billiard,2017
3271,KOTA BOGOR,0,DISKOTIK,2017
3271,KOTA BOGOR,0,NIGHT CLUB,2017
3271,KOTA BOGOR,7,KARAOKE/BAR,2017
3271,KOTA BOGOR,0,PANTI PIJAT,2017
3271,KOTA BOGOR,16,Wisata Tirta,2017
3271,KOTA BOGOR,0,Bar,2018
3271,KOTA BOGOR,0,PUB,2018
3271,KOTA BOGOR,7,Museum,2018
3271,KOTA BOGOR,4,Bioskop,2018
3271,KOTA BOGOR,14,Billiard,2018
3271,KOTA BOGOR,0,DISKOTIK,2018
3271,KOTA BOGOR,0,NIGHT CLUB,2018
3271,KOTA BOGOR,0,KARAOKE/BAR,2018
3271,KOTA BOGOR,0,PANTI PIJAT,2018
3271,KOTA BOGOR,0,Wisata Tirta,2018
3271,KOTA BOGOR,0,Bar,2019
3271,KOTA BOGOR,0,PUB,2019
3271,KOTA BOGOR,7,Museum,2019
3271,KOTA BOGOR,4,Bioskop,2019
3271,KOTA BOGOR,14,Billiard,2019
3271,KOTA BOGOR,0,DISKOTIK,2019
3271,KOTA BOGOR,0,NIGHT CLUB,2019
3271,KOTA BOGOR,0,KARAOKE/BAR,2019
3271,KOTA BOGOR,0,PANTI PIJAT,2019
3271,KOTA BOGOR,0,Wisata Tirta,2019
3271,KOTA BOGOR,0,Bar,2020
3271,KOTA BOGOR,0,PUB,2020
3271,KOTA BOGOR,7,Museum,2020
3271,KOTA BOGOR,8,Bioskop,2020
3271,KOTA BOGOR,14,Billiard,2020
3271,KOTA BOGOR,0,DISKOTIK,2020
3271,KOTA BOGOR,0,NIGHT CLUB,2020
3271,KOTA BOGOR,0,KARAOKE/BAR,2020
3271,KOTA BOGOR,0,PANTI PIJAT,2020
3271,KOTA BOGOR,0,Wisata Tirta,2020
3271,KOTA BOGOR,0,Bar,2021
3271,KOTA BOGOR,0,PUB,2021
3271,KOTA BOGOR,8,Bioskop,2021
3271,KOTA BOGOR,13,Billiard,2021
3271,KOTA BOGOR,0,DISKOTIK,2021
3271,KOTA BOGOR,0,NIGHT CLUB,2021
3271,KOTA BOGOR,13,KARAOKE/BAR,2021
3271,KOTA BOGOR,0,PANTI PIJAT,2021
3271,KOTA BOGOR,12,Wisata Tirta,2021
3272,KOTA SUKABUMI,0,Bar,2014
3272,KOTA SUKABUMI,0,PUB,2014
3272,KOTA SUKABUMI,3,Museum,2014
3272,KOTA SUKABUMI,0,Bioskop,2014
3272,KOTA SUKABUMI,5,Billiard,2014
3272,KOTA SUKABUMI,1,DISKOTIK,2014
3272,KOTA SUKABUMI,0,NIGHT CLUB,2014
3272,KOTA SUKABUMI,11,KARAOKE/BAR,2014
3272,KOTA SUKABUMI,0,PANTI PIJAT,2014
3272,KOTA SUKABUMI,0,Wisata Tirta,2014
3272,KOTA SUKABUMI,0,Bar,2015
3272,KOTA SUKABUMI,0,PUB,2015
3272,KOTA SUKABUMI,0,Museum,2015
3272,KOTA SUKABUMI,0,Bioskop,2015
3272,KOTA SUKABUMI,2,Billiard,2015
3272,KOTA SUKABUMI,1,DISKOTIK,2015
3272,KOTA SUKABUMI,0,NIGHT CLUB,2015
3272,KOTA SUKABUMI,10,KARAOKE/BAR,2015
3272,KOTA SUKABUMI,0,PANTI PIJAT,2015
3272,KOTA SUKABUMI,0,Wisata Tirta,2015
3272,KOTA SUKABUMI,0,Bar,2016
3272,KOTA SUKABUMI,0,PUB,2016
3272,KOTA SUKABUMI,3,Museum,2016
3272,KOTA SUKABUMI,0,Bioskop,2016
3272,KOTA SUKABUMI,2,Billiard,2016
3272,KOTA SUKABUMI,1,DISKOTIK,2016
3272,KOTA SUKABUMI,0,NIGHT CLUB,2016
3272,KOTA SUKABUMI,8,KARAOKE/BAR,2016
3272,KOTA SUKABUMI,0,PANTI PIJAT,2016
3272,KOTA SUKABUMI,0,Wisata Tirta,2016
3272,KOTA SUKABUMI,0,Bar,2017
3272,KOTA SUKABUMI,0,PUB,2017
3272,KOTA SUKABUMI,3,Museum,2017
3272,KOTA SUKABUMI,0,Bioskop,2017
3272,KOTA SUKABUMI,2,Billiard,2017
3272,KOTA SUKABUMI,1,DISKOTIK,2017
3272,KOTA SUKABUMI,0,NIGHT CLUB,2017
3272,KOTA SUKABUMI,8,KARAOKE/BAR,2017
3272,KOTA SUKABUMI,0,PANTI PIJAT,2017
3272,KOTA SUKABUMI,0,Wisata Tirta,2017
3272,KOTA SUKABUMI,0,Bar,2018
3272,KOTA SUKABUMI,0,PUB,2018
3272,KOTA SUKABUMI,4,Museum,2018
3272,KOTA SUKABUMI,0,Bioskop,2018
3272,KOTA SUKABUMI,0,Billiard,2018
3272,KOTA SUKABUMI,0,DISKOTIK,2018
3272,KOTA SUKABUMI,0,NIGHT CLUB,2018
3272,KOTA SUKABUMI,0,KARAOKE/BAR,2018
3272,KOTA SUKABUMI,0,PANTI PIJAT,2018
3272,KOTA SUKABUMI,0,Wisata Tirta,2018
3272,KOTA SUKABUMI,0,Bar,2019
3272,KOTA SUKABUMI,0,PUB,2019
3272,KOTA SUKABUMI,5,Museum,2019
3272,KOTA SUKABUMI,0,Bioskop,2019
3272,KOTA SUKABUMI,0,Billiard,2019
3272,KOTA SUKABUMI,0,DISKOTIK,2019
3272,KOTA SUKABUMI,0,NIGHT CLUB,2019
3272,KOTA SUKABUMI,0,KARAOKE/BAR,2019
3272,KOTA SUKABUMI,0,PANTI PIJAT,2019
3272,KOTA SUKABUMI,0,Wisata Tirta,2019
3272,KOTA SUKABUMI,8,Bar,2020
3272,KOTA SUKABUMI,0,PUB,2020
3272,KOTA SUKABUMI,5,Museum,2020
3272,KOTA SUKABUMI,1,Bioskop,2020
3272,KOTA SUKABUMI,6,Billiard,2020
3272,KOTA SUKABUMI,0,DISKOTIK,2020
3272,KOTA SUKABUMI,0,NIGHT CLUB,2020
3272,KOTA SUKABUMI,14,KARAOKE/BAR,2020
3272,KOTA SUKABUMI,0,PANTI PIJAT,2020
3272,KOTA SUKABUMI,0,Wisata Tirta,2020
3272,KOTA SUKABUMI,0,Bar,2021
3272,KOTA SUKABUMI,0,PUB,2021
3272,KOTA SUKABUMI,0,Bioskop,2021
3272,KOTA SUKABUMI,2,Billiard,2021
3272,KOTA SUKABUMI,0,DISKOTIK,2021
3272,KOTA SUKABUMI,0,NIGHT CLUB,2021
3272,KOTA SUKABUMI,7,KARAOKE/BAR,2021
3272,KOTA SUKABUMI,0,PANTI PIJAT,2021
3272,KOTA SUKABUMI,0,Wisata Tirta,2021
3273,KOTA BANDUNG,12,Bar,2014
3273,KOTA BANDUNG,19,PUB,2014
3273,KOTA BANDUNG,13,Museum,2014
3273,KOTA BANDUNG,11,Bioskop,2014
3273,KOTA BANDUNG,40,Billiard,2014
3273,KOTA BANDUNG,3,DISKOTIK,2014
3273,KOTA BANDUNG,12,NIGHT CLUB,2014
3273,KOTA BANDUNG,56,KARAOKE/BAR,2014
3273,KOTA BANDUNG,29,PANTI PIJAT,2014
3273,KOTA BANDUNG,0,Wisata Tirta,2014
3273,KOTA BANDUNG,12,Bar,2015
3273,KOTA BANDUNG,19,PUB,2015
3273,KOTA BANDUNG,5,Museum,2015
3273,KOTA BANDUNG,11,Bioskop,2015
3273,KOTA BANDUNG,40,Billiard,2015
3273,KOTA BANDUNG,3,DISKOTIK,2015
3273,KOTA BANDUNG,12,NIGHT CLUB,2015
3273,KOTA BANDUNG,56,KARAOKE/BAR,2015
3273,KOTA BANDUNG,29,PANTI PIJAT,2015
3273,KOTA BANDUNG,0,Wisata Tirta,2015
3273,KOTA BANDUNG,12,Bar,2016
3273,KOTA BANDUNG,98,PUB,2016
3273,KOTA BANDUNG,7,Museum,2016
3273,KOTA BANDUNG,11,Bioskop,2016
3273,KOTA BANDUNG,17,Billiard,2016
3273,KOTA BANDUNG,2,DISKOTIK,2016
3273,KOTA BANDUNG,6,NIGHT CLUB,2016
3273,KOTA BANDUNG,20,KARAOKE/BAR,2016
3273,KOTA BANDUNG,33,PANTI PIJAT,2016
3273,KOTA BANDUNG,0,Wisata Tirta,2016
3273,KOTA BANDUNG,12,Bar,2017
3273,KOTA BANDUNG,98,PUB,2017
3273,KOTA BANDUNG,7,Museum,2017
3273,KOTA BANDUNG,11,Bioskop,2017
3273,KOTA BANDUNG,17,Billiard,2017
3273,KOTA BANDUNG,2,DISKOTIK,2017
3273,KOTA BANDUNG,6,NIGHT CLUB,2017
3273,KOTA BANDUNG,20,KARAOKE/BAR,2017
3273,KOTA BANDUNG,33,PANTI PIJAT,2017
3273,KOTA BANDUNG,0,Wisata Tirta,2017
3273,KOTA BANDUNG,26,Bar,2018
3273,KOTA BANDUNG,43,PUB,2018
3273,KOTA BANDUNG,17,Museum,2018
3273,KOTA BANDUNG,12,Bioskop,2018
3273,KOTA BANDUNG,43,Billiard,2018
3273,KOTA BANDUNG,4,DISKOTIK,2018
3273,KOTA BANDUNG,17,NIGHT CLUB,2018
3273,KOTA BANDUNG,146,KARAOKE/BAR,2018
3273,KOTA BANDUNG,41,PANTI PIJAT,2018
3273,KOTA BANDUNG,0,Wisata Tirta,2018
3273,KOTA BANDUNG,30,Bar,2019
3273,KOTA BANDUNG,100,PUB,2019
3273,KOTA BANDUNG,17,Museum,2019
3273,KOTA BANDUNG,15,Bioskop,2019
3273,KOTA BANDUNG,20,Billiard,2019
3273,KOTA BANDUNG,4,DISKOTIK,2019
3273,KOTA BANDUNG,10,NIGHT CLUB,2019
3273,KOTA BANDUNG,28,KARAOKE/BAR,2019
3273,KOTA BANDUNG,35,PANTI PIJAT,2019
3273,KOTA BANDUNG,0,Wisata Tirta,2019
3273,KOTA BANDUNG,14,Bar,2020
3273,KOTA BANDUNG,98,PUB,2020
3273,KOTA BANDUNG,17,Museum,2020
3273,KOTA BANDUNG,15,Bioskop,2020
3273,KOTA BANDUNG,20,Billiard,2020
3273,KOTA BANDUNG,4,DISKOTIK,2020
3273,KOTA BANDUNG,10,NIGHT CLUB,2020
3273,KOTA BANDUNG,25,KARAOKE/BAR,2020
3273,KOTA BANDUNG,35,PANTI PIJAT,2020
3273,KOTA BANDUNG,0,Wisata Tirta,2020
3273,KOTA BANDUNG,13,Bar,2021
3273,KOTA BANDUNG,28,PUB,2021
3273,KOTA BANDUNG,9,Bioskop,2021
3273,KOTA BANDUNG,26,Billiard,2021
3273,KOTA BANDUNG,2,DISKOTIK,2021
3273,KOTA BANDUNG,6,NIGHT CLUB,2021
3273,KOTA BANDUNG,143,KARAOKE/BAR,2021
3273,KOTA BANDUNG,33,PANTI PIJAT,2021
3273,KOTA BANDUNG,1,Wisata Tirta,2021
3274,KOTA CIREBON,0,Bar,2014
3274,KOTA CIREBON,0,PUB,2014
3274,KOTA CIREBON,3,Museum,2014
3274,KOTA CIREBON,2,Bioskop,2014
3274,KOTA CIREBON,4,Billiard,2014
3274,KOTA CIREBON,0,DISKOTIK,2014
3274,KOTA CIREBON,1,NIGHT CLUB,2014
3274,KOTA CIREBON,2,KARAOKE/BAR,2014
3274,KOTA CIREBON,0,PANTI PIJAT,2014
3274,KOTA CIREBON,0,Wisata Tirta,2014
3274,KOTA CIREBON,0,Bar,2015
3274,KOTA CIREBON,0,PUB,2015
3274,KOTA CIREBON,0,Museum,2015
3274,KOTA CIREBON,2,Bioskop,2015
3274,KOTA CIREBON,4,Billiard,2015
3274,KOTA CIREBON,0,DISKOTIK,2015
3274,KOTA CIREBON,1,NIGHT CLUB,2015
3274,KOTA CIREBON,2,KARAOKE/BAR,2015
3274,KOTA CIREBON,0,PANTI PIJAT,2015
3274,KOTA CIREBON,0,Wisata Tirta,2015
3274,KOTA CIREBON,0,Bar,2016
3274,KOTA CIREBON,0,PUB,2016
3274,KOTA CIREBON,4,Museum,2016
3274,KOTA CIREBON,3,Bioskop,2016
3274,KOTA CIREBON,2,Billiard,2016
3274,KOTA CIREBON,0,DISKOTIK,2016
3274,KOTA CIREBON,0,NIGHT CLUB,2016
3274,KOTA CIREBON,9,KARAOKE/BAR,2016
3274,KOTA CIREBON,5,PANTI PIJAT,2016
3274,KOTA CIREBON,2,Wisata Tirta,2016
3274,KOTA CIREBON,0,Bar,2017
3274,KOTA CIREBON,3,PUB,2017
3274,KOTA CIREBON,4,Museum,2017
3274,KOTA CIREBON,3,Bioskop,2017
3274,KOTA CIREBON,2,Billiard,2017
3274,KOTA CIREBON,0,DISKOTIK,2017
3274,KOTA CIREBON,0,NIGHT CLUB,2017
3274,KOTA CIREBON,13,KARAOKE/BAR,2017
3274,KOTA CIREBON,9,PANTI PIJAT,2017
3274,KOTA CIREBON,2,Wisata Tirta,2017
3274,KOTA CIREBON,0,Bar,2018
3274,KOTA CIREBON,0,PUB,2018
3274,KOTA CIREBON,4,Museum,2018
3274,KOTA CIREBON,3,Bioskop,2018
3274,KOTA CIREBON,3,Billiard,2018
3274,KOTA CIREBON,0,DISKOTIK,2018
3274,KOTA CIREBON,0,NIGHT CLUB,2018
3274,KOTA CIREBON,12,KARAOKE/BAR,2018
3274,KOTA CIREBON,1,PANTI PIJAT,2018
3274,KOTA CIREBON,4,Wisata Tirta,2018
3274,KOTA CIREBON,0,Bar,2019
3274,KOTA CIREBON,0,PUB,2019
3274,KOTA CIREBON,4,Museum,2019
3274,KOTA CIREBON,3,Bioskop,2019
3274,KOTA CIREBON,2,Billiard,2019
3274,KOTA CIREBON,0,DISKOTIK,2019
3274,KOTA CIREBON,0,NIGHT CLUB,2019
3274,KOTA CIREBON,12,KARAOKE/BAR,2019
3274,KOTA CIREBON,1,PANTI PIJAT,2019
3274,KOTA CIREBON,1,Wisata Tirta,2019
3274,KOTA CIREBON,0,Bar,2020
3274,KOTA CIREBON,0,PUB,2020
3274,KOTA CIREBON,4,Museum,2020
3274,KOTA CIREBON,4,Bioskop,2020
3274,KOTA CIREBON,3,Billiard,2020
3274,KOTA CIREBON,0,DISKOTIK,2020
3274,KOTA CIREBON,0,NIGHT CLUB,2020
3274,KOTA CIREBON,8,KARAOKE/BAR,2020
3274,KOTA CIREBON,7,PANTI PIJAT,2020
3274,KOTA CIREBON,1,Wisata Tirta,2020
3274,KOTA CIREBON,0,Bar,2021
3274,KOTA CIREBON,0,PUB,2021
3274,KOTA CIREBON,4,Bioskop,2021
3274,KOTA CIREBON,3,Billiard,2021
3274,KOTA CIREBON,0,DISKOTIK,2021
3274,KOTA CIREBON,0,NIGHT CLUB,2021
3274,KOTA CIREBON,8,KARAOKE/BAR,2021
3274,KOTA CIREBON,7,PANTI PIJAT,2021
3274,KOTA CIREBON,3,Wisata Tirta,2021
3275,KOTA BEKASI,2,Bar,2014
3275,KOTA BEKASI,0,PUB,2014
3275,KOTA BEKASI,0,Museum,2014
3275,KOTA BEKASI,2,Bioskop,2014
3275,KOTA BEKASI,15,Billiard,2014
3275,KOTA BEKASI,1,DISKOTIK,2014
3275,KOTA BEKASI,0,NIGHT CLUB,2014
3275,KOTA BEKASI,3,KARAOKE/BAR,2014
3275,KOTA BEKASI,0,PANTI PIJAT,2014
3275,KOTA BEKASI,0,Wisata Tirta,2014
3275,KOTA BEKASI,2,Bar,2015
3275,KOTA BEKASI,0,PUB,2015
3275,KOTA BEKASI,13,Museum,2015
3275,KOTA BEKASI,2,Bioskop,2015
3275,KOTA BEKASI,15,Billiard,2015
3275,KOTA BEKASI,1,DISKOTIK,2015
3275,KOTA BEKASI,0,NIGHT CLUB,2015
3275,KOTA BEKASI,3,KARAOKE/BAR,2015
3275,KOTA BEKASI,0,PANTI PIJAT,2015
3275,KOTA BEKASI,0,Wisata Tirta,2015
3275,KOTA BEKASI,2,Bar,2016
3275,KOTA BEKASI,0,PUB,2016
3275,KOTA BEKASI,3,Museum,2016
3275,KOTA BEKASI,2,Bioskop,2016
3275,KOTA BEKASI,15,Billiard,2016
3275,KOTA BEKASI,1,DISKOTIK,2016
3275,KOTA BEKASI,0,NIGHT CLUB,2016
3275,KOTA BEKASI,3,KARAOKE/BAR,2016
3275,KOTA BEKASI,0,PANTI PIJAT,2016
3275,KOTA BEKASI,0,Wisata Tirta,2016
3275,KOTA BEKASI,2,Bar,2017
3275,KOTA BEKASI,0,PUB,2017
3275,KOTA BEKASI,3,Museum,2017
3275,KOTA BEKASI,2,Bioskop,2017
3275,KOTA BEKASI,15,Billiard,2017
3275,KOTA BEKASI,1,DISKOTIK,2017
3275,KOTA BEKASI,0,NIGHT CLUB,2017
3275,KOTA BEKASI,3,KARAOKE/BAR,2017
3275,KOTA BEKASI,0,PANTI PIJAT,2017
3275,KOTA BEKASI,0,Wisata Tirta,2017
3275,KOTA BEKASI,5,Bar,2018
3275,KOTA BEKASI,7,PUB,2018
3275,KOTA BEKASI,0,Museum,2018
3275,KOTA BEKASI,13,Bioskop,2018
3275,KOTA BEKASI,4,Billiard,2018
3275,KOTA BEKASI,1,DISKOTIK,2018
3275,KOTA BEKASI,0,NIGHT CLUB,2018
3275,KOTA BEKASI,33,KARAOKE/BAR,2018
3275,KOTA BEKASI,10,PANTI PIJAT,2018
3275,KOTA BEKASI,0,Wisata Tirta,2018
3275,KOTA BEKASI,28,Bar,2019
3275,KOTA BEKASI,7,PUB,2019
3275,KOTA BEKASI,0,Museum,2019
3275,KOTA BEKASI,19,Bioskop,2019
3275,KOTA BEKASI,0,Billiard,2019
3275,KOTA BEKASI,1,DISKOTIK,2019
3275,KOTA BEKASI,0,NIGHT CLUB,2019
3275,KOTA BEKASI,33,KARAOKE/BAR,2019
3275,KOTA BEKASI,10,PANTI PIJAT,2019
3275,KOTA BEKASI,0,Wisata Tirta,2019
3275,KOTA BEKASI,28,Bar,2020
3275,KOTA BEKASI,2,PUB,2020
3275,KOTA BEKASI,1,Museum,2020
3275,KOTA BEKASI,17,Bioskop,2020
3275,KOTA BEKASI,15,Billiard,2020
3275,KOTA BEKASI,0,DISKOTIK,2020
3275,KOTA BEKASI,0,NIGHT CLUB,2020
3275,KOTA BEKASI,60,KARAOKE/BAR,2020
3275,KOTA BEKASI,98,PANTI PIJAT,2020
3275,KOTA BEKASI,0,Wisata Tirta,2020
3275,KOTA BEKASI,31,Bar,2021
3275,KOTA BEKASI,2,PUB,2021
3275,KOTA BEKASI,17,Bioskop,2021
3275,KOTA BEKASI,4,Billiard,2021
3275,KOTA BEKASI,0,DISKOTIK,2021
3275,KOTA BEKASI,2,NIGHT CLUB,2021
3275,KOTA BEKASI,52,KARAOKE/BAR,2021
3275,KOTA BEKASI,24,PANTI PIJAT,2021
3275,KOTA BEKASI,28,Wisata Tirta,2021
3276,KOTA DEPOK,0,Bar,2014
3276,KOTA DEPOK,0,PUB,2014
3276,KOTA DEPOK,0,Museum,2014
3276,KOTA DEPOK,4,Bioskop,2014
3276,KOTA DEPOK,12,Billiard,2014
3276,KOTA DEPOK,0,DISKOTIK,2014
3276,KOTA DEPOK,0,NIGHT CLUB,2014
3276,KOTA DEPOK,0,KARAOKE/BAR,2014
3276,KOTA DEPOK,0,PANTI PIJAT,2014
3276,KOTA DEPOK,0,Wisata Tirta,2014
3276,KOTA DEPOK,0,Bar,2015
3276,KOTA DEPOK,0,PUB,2015
3276,KOTA DEPOK,0,Museum,2015
3276,KOTA DEPOK,4,Bioskop,2015
3276,KOTA DEPOK,12,Billiard,2015
3276,KOTA DEPOK,0,DISKOTIK,2015
3276,KOTA DEPOK,0,NIGHT CLUB,2015
3276,KOTA DEPOK,0,KARAOKE/BAR,2015
3276,KOTA DEPOK,0,PANTI PIJAT,2015
3276,KOTA DEPOK,0,Wisata Tirta,2015
3276,KOTA DEPOK,0,Bar,2016
3276,KOTA DEPOK,0,PUB,2016
3276,KOTA DEPOK,0,Museum,2016
3276,KOTA DEPOK,4,Bioskop,2016
3276,KOTA DEPOK,1,Billiard,2016
3276,KOTA DEPOK,0,DISKOTIK,2016
3276,KOTA DEPOK,0,NIGHT CLUB,2016
3276,KOTA DEPOK,4,KARAOKE/BAR,2016
3276,KOTA DEPOK,0,PANTI PIJAT,2016
3276,KOTA DEPOK,6,Wisata Tirta,2016
3276,KOTA DEPOK,0,Bar,2017
3276,KOTA DEPOK,0,PUB,2017
3276,KOTA DEPOK,0,Museum,2017
3276,KOTA DEPOK,4,Bioskop,2017
3276,KOTA DEPOK,1,Billiard,2017
3276,KOTA DEPOK,0,DISKOTIK,2017
3276,KOTA DEPOK,0,NIGHT CLUB,2017
3276,KOTA DEPOK,4,KARAOKE/BAR,2017
3276,KOTA DEPOK,0,PANTI PIJAT,2017
3276,KOTA DEPOK,6,Wisata Tirta,2017
3276,KOTA DEPOK,0,Bar,2018
3276,KOTA DEPOK,0,PUB,2018
3276,KOTA DEPOK,0,Museum,2018
3276,KOTA DEPOK,0,Bioskop,2018
3276,KOTA DEPOK,0,Billiard,2018
3276,KOTA DEPOK,0,DISKOTIK,2018
3276,KOTA DEPOK,0,NIGHT CLUB,2018
3276,KOTA DEPOK,0,KARAOKE/BAR,2018
3276,KOTA DEPOK,0,PANTI PIJAT,2018
3276,KOTA DEPOK,0,Wisata Tirta,2018
3276,KOTA DEPOK,0,Bar,2019
3276,KOTA DEPOK,0,PUB,2019
3276,KOTA DEPOK,0,Museum,2019
3276,KOTA DEPOK,0,Bioskop,2019
3276,KOTA DEPOK,0,Billiard,2019
3276,KOTA DEPOK,0,DISKOTIK,2019
3276,KOTA DEPOK,0,NIGHT CLUB,2019
3276,KOTA DEPOK,0,KARAOKE/BAR,2019
3276,KOTA DEPOK,0,PANTI PIJAT,2019
3276,KOTA DEPOK,0,Wisata Tirta,2019
3276,KOTA DEPOK,0,Bar,2020
3276,KOTA DEPOK,0,PUB,2020
3276,KOTA DEPOK,0,Museum,2020
3276,KOTA DEPOK,9,Bioskop,2020
3276,KOTA DEPOK,0,Billiard,2020
3276,KOTA DEPOK,0,DISKOTIK,2020
3276,KOTA DEPOK,0,NIGHT CLUB,2020
3276,KOTA DEPOK,21,KARAOKE/BAR,2020
3276,KOTA DEPOK,97,PANTI PIJAT,2020
3276,KOTA DEPOK,39,Wisata Tirta,2020
3276,KOTA DEPOK,0,Bar,2021
3276,KOTA DEPOK,0,PUB,2021
3276,KOTA DEPOK,7,Bioskop,2021
3276,KOTA DEPOK,4,Billiard,2021
3276,KOTA DEPOK,0,DISKOTIK,2021
3276,KOTA DEPOK,0,NIGHT CLUB,2021
3276,KOTA DEPOK,21,KARAOKE/BAR,2021
3276,KOTA DEPOK,97,PANTI PIJAT,2021
3276,KOTA DEPOK,48,Wisata Tirta,2021
3277,KOTA CIMAHI,0,Bar,2014
3277,KOTA CIMAHI,0,PUB,2014
3277,KOTA CIMAHI,0,Museum,2014
3277,KOTA CIMAHI,0,Bioskop,2014
3277,KOTA CIMAHI,1,Billiard,2014
3277,KOTA CIMAHI,0,DISKOTIK,2014
3277,KOTA CIMAHI,0,NIGHT CLUB,2014
3277,KOTA CIMAHI,0,KARAOKE/BAR,2014
3277,KOTA CIMAHI,0,PANTI PIJAT,2014
3277,KOTA CIMAHI,4,Wisata Tirta,2014
3277,KOTA CIMAHI,0,Bar,2015
3277,KOTA CIMAHI,0,PUB,2015
3277,KOTA CIMAHI,0,Museum,2015
3277,KOTA CIMAHI,0,Bioskop,2015
3277,KOTA CIMAHI,1,Billiard,2015
3277,KOTA CIMAHI,0,DISKOTIK,2015
3277,KOTA CIMAHI,0,NIGHT CLUB,2015
3277,KOTA CIMAHI,0,KARAOKE/BAR,2015
3277,KOTA CIMAHI,0,PANTI PIJAT,2015
3277,KOTA CIMAHI,4,Wisata Tirta,2015
3277,KOTA CIMAHI,0,Bar,2016
3277,KOTA CIMAHI,0,PUB,2016
3277,KOTA CIMAHI,0,Museum,2016
3277,KOTA CIMAHI,0,Bioskop,2016
3277,KOTA CIMAHI,1,Billiard,2016
3277,KOTA CIMAHI,0,DISKOTIK,2016
3277,KOTA CIMAHI,0,NIGHT CLUB,2016
3277,KOTA CIMAHI,0,KARAOKE/BAR,2016
3277,KOTA CIMAHI,0,PANTI PIJAT,2016
3277,KOTA CIMAHI,4,Wisata Tirta,2016
3277,KOTA CIMAHI,0,Bar,2017
3277,KOTA CIMAHI,0,PUB,2017
3277,KOTA CIMAHI,0,Museum,2017
3277,KOTA CIMAHI,0,Bioskop,2017
3277,KOTA CIMAHI,1,Billiard,2017
3277,KOTA CIMAHI,0,DISKOTIK,2017
3277,KOTA CIMAHI,0,NIGHT CLUB,2017
3277,KOTA CIMAHI,0,KARAOKE/BAR,2017
3277,KOTA CIMAHI,0,PANTI PIJAT,2017
3277,KOTA CIMAHI,4,Wisata Tirta,2017
3277,KOTA CIMAHI,0,Bar,2018
3277,KOTA CIMAHI,0,PUB,2018
3277,KOTA CIMAHI,0,Museum,2018
3277,KOTA CIMAHI,0,Bioskop,2018
3277,KOTA CIMAHI,0,Billiard,2018
3277,KOTA CIMAHI,0,DISKOTIK,2018
3277,KOTA CIMAHI,0,NIGHT CLUB,2018
3277,KOTA CIMAHI,0,KARAOKE/BAR,2018
3277,KOTA CIMAHI,0,PANTI PIJAT,2018
3277,KOTA CIMAHI,4,Wisata Tirta,2018
3277,KOTA CIMAHI,0,Bar,2019
3277,KOTA CIMAHI,0,PUB,2019
3277,KOTA CIMAHI,0,Museum,2019
3277,KOTA CIMAHI,0,Bioskop,2019
3277,KOTA CIMAHI,0,Billiard,2019
3277,KOTA CIMAHI,0,DISKOTIK,2019
3277,KOTA CIMAHI,0,NIGHT CLUB,2019
3277,KOTA CIMAHI,0,KARAOKE/BAR,2019
3277,KOTA CIMAHI,0,PANTI PIJAT,2019
3277,KOTA CIMAHI,4,Wisata Tirta,2019
3277,KOTA CIMAHI,0,Bar,2020
3277,KOTA CIMAHI,0,PUB,2020
3277,KOTA CIMAHI,0,Museum,2020
3277,KOTA CIMAHI,0,Bioskop,2020
3277,KOTA CIMAHI,0,Billiard,2020
3277,KOTA CIMAHI,0,DISKOTIK,2020
3277,KOTA CIMAHI,0,NIGHT CLUB,2020
3277,KOTA CIMAHI,0,KARAOKE/BAR,2020
3277,KOTA CIMAHI,0,PANTI PIJAT,2020
3277,KOTA CIMAHI,4,Wisata Tirta,2020
3277,KOTA CIMAHI,0,Bar,2021
3277,KOTA CIMAHI,0,PUB,2021
3277,KOTA CIMAHI,0,Bioskop,2021
3277,KOTA CIMAHI,0,Billiard,2021
3277,KOTA CIMAHI,0,DISKOTIK,2021
3277,KOTA CIMAHI,0,NIGHT CLUB,2021
3277,KOTA CIMAHI,0,KARAOKE/BAR,2021
3277,KOTA CIMAHI,0,PANTI PIJAT,2021
3277,KOTA CIMAHI,4,Wisata Tirta,2021
3278,KOTA TASIKMALAYA,0,Bar,2014
3278,KOTA TASIKMALAYA,0,PUB,2014
3278,KOTA TASIKMALAYA,0,Museum,2014
3278,KOTA TASIKMALAYA,1,Bioskop,2014
3278,KOTA TASIKMALAYA,3,Billiard,2014
3278,KOTA TASIKMALAYA,0,DISKOTIK,2014
3278,KOTA TASIKMALAYA,0,NIGHT CLUB,2014
3278,KOTA TASIKMALAYA,5,KARAOKE/BAR,2014
3278,KOTA TASIKMALAYA,0,PANTI PIJAT,2014
3278,KOTA TASIKMALAYA,8,Wisata Tirta,2014
3278,KOTA TASIKMALAYA,0,Bar,2015
3278,KOTA TASIKMALAYA,0,PUB,2015
3278,KOTA TASIKMALAYA,0,Museum,2015
3278,KOTA TASIKMALAYA,1,Bioskop,2015
3278,KOTA TASIKMALAYA,3,Billiard,2015
3278,KOTA TASIKMALAYA,0,DISKOTIK,2015
3278,KOTA TASIKMALAYA,0,NIGHT CLUB,2015
3278,KOTA TASIKMALAYA,5,KARAOKE/BAR,2015
3278,KOTA TASIKMALAYA,0,PANTI PIJAT,2015
3278,KOTA TASIKMALAYA,8,Wisata Tirta,2015
3278,KOTA TASIKMALAYA,0,Bar,2016
3278,KOTA TASIKMALAYA,0,PUB,2016
3278,KOTA TASIKMALAYA,0,Museum,2016
3278,KOTA TASIKMALAYA,1,Bioskop,2016
3278,KOTA TASIKMALAYA,4,Billiard,2016
3278,KOTA TASIKMALAYA,0,DISKOTIK,2016
3278,KOTA TASIKMALAYA,0,NIGHT CLUB,2016
3278,KOTA TASIKMALAYA,3,KARAOKE/BAR,2016
3278,KOTA TASIKMALAYA,0,PANTI PIJAT,2016
3278,KOTA TASIKMALAYA,0,Wisata Tirta,2016
3278,KOTA TASIKMALAYA,0,Bar,2017
3278,KOTA TASIKMALAYA,0,PUB,2017
3278,KOTA TASIKMALAYA,0,Museum,2017
3278,KOTA TASIKMALAYA,1,Bioskop,2017
3278,KOTA TASIKMALAYA,3,Billiard,2017
3278,KOTA TASIKMALAYA,0,DISKOTIK,2017
3278,KOTA TASIKMALAYA,0,NIGHT CLUB,2017
3278,KOTA TASIKMALAYA,3,KARAOKE/BAR,2017
3278,KOTA TASIKMALAYA,0,PANTI PIJAT,2017
3278,KOTA TASIKMALAYA,6,Wisata Tirta,2017
3278,KOTA TASIKMALAYA,0,Bar,2018
3278,KOTA TASIKMALAYA,0,PUB,2018
3278,KOTA TASIKMALAYA,0,Museum,2018
3278,KOTA TASIKMALAYA,0,Bioskop,2018
3278,KOTA TASIKMALAYA,0,Billiard,2018
3278,KOTA TASIKMALAYA,0,DISKOTIK,2018
3278,KOTA TASIKMALAYA,0,NIGHT CLUB,2018
3278,KOTA TASIKMALAYA,0,KARAOKE/BAR,2018
3278,KOTA TASIKMALAYA,0,PANTI PIJAT,2018
3278,KOTA TASIKMALAYA,0,Wisata Tirta,2018
3278,KOTA TASIKMALAYA,0,Bar,2019
3278,KOTA TASIKMALAYA,0,PUB,2019
3278,KOTA TASIKMALAYA,0,Museum,2019
3278,KOTA TASIKMALAYA,2,Bioskop,2019
3278,KOTA TASIKMALAYA,7,Billiard,2019
3278,KOTA TASIKMALAYA,0,DISKOTIK,2019
3278,KOTA TASIKMALAYA,0,NIGHT CLUB,2019
3278,KOTA TASIKMALAYA,3,KARAOKE/BAR,2019
3278,KOTA TASIKMALAYA,0,PANTI PIJAT,2019
3278,KOTA TASIKMALAYA,0,Wisata Tirta,2019
3278,KOTA TASIKMALAYA,0,Bar,2020
3278,KOTA TASIKMALAYA,0,PUB,2020
3278,KOTA TASIKMALAYA,0,Museum,2020
3278,KOTA TASIKMALAYA,2,Bioskop,2020
3278,KOTA TASIKMALAYA,7,Billiard,2020
3278,KOTA TASIKMALAYA,0,DISKOTIK,2020
3278,KOTA TASIKMALAYA,0,NIGHT CLUB,2020
3278,KOTA TASIKMALAYA,3,KARAOKE/BAR,2020
3278,KOTA TASIKMALAYA,0,PANTI PIJAT,2020
3278,KOTA TASIKMALAYA,0,Wisata Tirta,2020
3278,KOTA TASIKMALAYA,0,Bar,2021
3278,KOTA TASIKMALAYA,0,PUB,2021
3278,KOTA TASIKMALAYA,2,Bioskop,2021
3278,KOTA TASIKMALAYA,4,Billiard,2021
3278,KOTA TASIKMALAYA,0,DISKOTIK,2021
3278,KOTA TASIKMALAYA,0,NIGHT CLUB,2021
3278,KOTA TASIKMALAYA,3,KARAOKE/BAR,2021
3278,KOTA TASIKMALAYA,0,PANTI PIJAT,2021
3278,KOTA TASIKMALAYA,9,Wisata Tirta,2021
3279,KOTA BANJAR,0,Bar,2014
3279,KOTA BANJAR,0,PUB,2014
3279,KOTA BANJAR,0,Museum,2014
3279,KOTA BANJAR,0,Bioskop,2014
3279,KOTA BANJAR,0,Billiard,2014
3279,KOTA BANJAR,0,DISKOTIK,2014
3279,KOTA BANJAR,0,NIGHT CLUB,2014
3279,KOTA BANJAR,0,KARAOKE/BAR,2014
3279,KOTA BANJAR,0,PANTI PIJAT,2014
3279,KOTA BANJAR,0,Wisata Tirta,2014
3279,KOTA BANJAR,0,Bar,2015
3279,KOTA BANJAR,0,PUB,2015
3279,KOTA BANJAR,3,Museum,2015
3279,KOTA BANJAR,0,Bioskop,2015
3279,KOTA BANJAR,0,Billiard,2015
3279,KOTA BANJAR,0,DISKOTIK,2015
3279,KOTA BANJAR,0,NIGHT CLUB,2015
3279,KOTA BANJAR,0,KARAOKE/BAR,2015
3279,KOTA BANJAR,0,PANTI PIJAT,2015
3279,KOTA BANJAR,0,Wisata Tirta,2015
3279,KOTA BANJAR,0,Bar,2016
3279,KOTA BANJAR,0,PUB,2016
3279,KOTA BANJAR,0,Museum,2016
3279,KOTA BANJAR,0,Bioskop,2016
3279,KOTA BANJAR,0,Billiard,2016
3279,KOTA BANJAR,0,DISKOTIK,2016
3279,KOTA BANJAR,0,NIGHT CLUB,2016
3279,KOTA BANJAR,0,KARAOKE/BAR,2016
3279,KOTA BANJAR,0,PANTI PIJAT,2016
3279,KOTA BANJAR,0,Wisata Tirta,2016
3279,KOTA BANJAR,0,Bar,2017
3279,KOTA BANJAR,0,PUB,2017
3279,KOTA BANJAR,0,Museum,2017
3279,KOTA BANJAR,0,Bioskop,2017
3279,KOTA BANJAR,0,Billiard,2017
3279,KOTA BANJAR,0,DISKOTIK,2017
3279,KOTA BANJAR,0,NIGHT CLUB,2017
3279,KOTA BANJAR,0,KARAOKE/BAR,2017
3279,KOTA BANJAR,0,PANTI PIJAT,2017
3279,KOTA BANJAR,0,Wisata Tirta,2017
3279,KOTA BANJAR,0,Bar,2018
3279,KOTA BANJAR,0,PUB,2018
3279,KOTA BANJAR,0,Museum,2018
3279,KOTA BANJAR,0,Bioskop,2018
3279,KOTA BANJAR,0,Billiard,2018
3279,KOTA BANJAR,0,DISKOTIK,2018
3279,KOTA BANJAR,0,NIGHT CLUB,2018
3279,KOTA BANJAR,0,KARAOKE/BAR,2018
3279,KOTA BANJAR,0,PANTI PIJAT,2018
3279,KOTA BANJAR,0,Wisata Tirta,2018
3279,KOTA BANJAR,0,Bar,2019
3279,KOTA BANJAR,0,PUB,2019
3279,KOTA BANJAR,0,Museum,2019
3279,KOTA BANJAR,1,Bioskop,2019
3279,KOTA BANJAR,0,Billiard,2019
3279,KOTA BANJAR,0,DISKOTIK,2019
3279,KOTA BANJAR,0,NIGHT CLUB,2019
3279,KOTA BANJAR,0,KARAOKE/BAR,2019
3279,KOTA BANJAR,0,PANTI PIJAT,2019
3279,KOTA BANJAR,0,Wisata Tirta,2019
3279,KOTA BANJAR,0,Bar,2020
3279,KOTA BANJAR,0,PUB,2020
3279,KOTA BANJAR,0,Museum,2020
3279,KOTA BANJAR,1,Bioskop,2020
3279,KOTA BANJAR,0,Billiard,2020
3279,KOTA BANJAR,0,DISKOTIK,2020
3279,KOTA BANJAR,0,NIGHT CLUB,2020
3279,KOTA BANJAR,0,KARAOKE/BAR,2020
3279,KOTA BANJAR,0,PANTI PIJAT,2020
3279,KOTA BANJAR,0,Wisata Tirta,2020
3279,KOTA BANJAR,0,Bar,2021
3279,KOTA BANJAR,0,PUB,2021
3279,KOTA BANJAR,1,Bioskop,2021
3279,KOTA BANJAR,1,Billiard,2021
3279,KOTA BANJAR,0,DISKOTIK,2021
3279,KOTA BANJAR,0,NIGHT CLUB,2021
3279,KOTA BANJAR,0,KARAOKE/BAR,2021
3279,KOTA BANJAR,0,PANTI PIJAT,2021
3279,KOTA BANJAR,0,Wisata Tirta,2021